-- WC 2026 squads: 16 players per nation (11 roster core + 4 bench)
-- Generated by scripts/generate-wc2026-squad-migration.mjs

INSERT OR IGNORE INTO squads (id, tournament_id, team_id, source_id, is_official, confidence, announced_at)
VALUES ('sq-w26-a1', 't-2026', 'team-w26-a1', 'src-mock', 1, 0.82, '2026-05-15T12:00:00Z');

INSERT OR IGNORE INTO players (id, name, nationality, primary_team_id, club, position, role_tags_json, age)
VALUES ('p-w26-a1-01', 'Sam Silva', 'MX', 'team-w26-a1', NULL, 'GK', '[]', 33);
INSERT OR IGNORE INTO squad_players (squad_id, player_id, shirt_number, listed_position, status)
VALUES ('sq-w26-a1', 'p-w26-a1-01', 1, 'GK', 'available');
INSERT OR IGNORE INTO players (id, name, nationality, primary_team_id, club, position, role_tags_json, age)
VALUES ('p-w26-a1-02', 'Tom Silva', 'MX', 'team-w26-a1', NULL, 'DF', '[]', 32);
INSERT OR IGNORE INTO squad_players (squad_id, player_id, shirt_number, listed_position, status)
VALUES ('sq-w26-a1', 'p-w26-a1-02', 2, 'RB', 'available');
INSERT OR IGNORE INTO players (id, name, nationality, primary_team_id, club, position, role_tags_json, age)
VALUES ('p-w26-a1-03', 'Luis Silva', 'MX', 'team-w26-a1', NULL, 'DF', '[]', 31);
INSERT OR IGNORE INTO squad_players (squad_id, player_id, shirt_number, listed_position, status)
VALUES ('sq-w26-a1', 'p-w26-a1-03', 3, 'CB', 'available');
INSERT OR IGNORE INTO players (id, name, nationality, primary_team_id, club, position, role_tags_json, age)
VALUES ('p-w26-a1-04', 'André Silva', 'MX', 'team-w26-a1', NULL, 'DF', '[]', 30);
INSERT OR IGNORE INTO squad_players (squad_id, player_id, shirt_number, listed_position, status)
VALUES ('sq-w26-a1', 'p-w26-a1-04', 4, 'CB', 'available');
INSERT OR IGNORE INTO players (id, name, nationality, primary_team_id, club, position, role_tags_json, age)
VALUES ('p-w26-a1-05', 'Carlos Silva', 'MX', 'team-w26-a1', NULL, 'DF', '[]', 29);
INSERT OR IGNORE INTO squad_players (squad_id, player_id, shirt_number, listed_position, status)
VALUES ('sq-w26-a1', 'p-w26-a1-05', 5, 'LB', 'available');
INSERT OR IGNORE INTO players (id, name, nationality, primary_team_id, club, position, role_tags_json, age)
VALUES ('p-w26-a1-06', 'Erik Silva', 'MX', 'team-w26-a1', NULL, 'MF', '[]', 28);
INSERT OR IGNORE INTO squad_players (squad_id, player_id, shirt_number, listed_position, status)
VALUES ('sq-w26-a1', 'p-w26-a1-06', 6, 'DM', 'available');
INSERT OR IGNORE INTO players (id, name, nationality, primary_team_id, club, position, role_tags_json, age)
VALUES ('p-w26-a1-07', 'Jan Silva', 'MX', 'team-w26-a1', NULL, 'MF', '[]', 27);
INSERT OR IGNORE INTO squad_players (squad_id, player_id, shirt_number, listed_position, status)
VALUES ('sq-w26-a1', 'p-w26-a1-07', 7, 'CM', 'available');
INSERT OR IGNORE INTO players (id, name, nationality, primary_team_id, club, position, role_tags_json, age)
VALUES ('p-w26-a1-08', 'Pierre Silva', 'MX', 'team-w26-a1', NULL, 'MF', '[]', 26);
INSERT OR IGNORE INTO squad_players (squad_id, player_id, shirt_number, listed_position, status)
VALUES ('sq-w26-a1', 'p-w26-a1-08', 8, 'CM', 'available');
INSERT OR IGNORE INTO players (id, name, nationality, primary_team_id, club, position, role_tags_json, age)
VALUES ('p-w26-a1-10', 'Ivan Costa', 'MX', 'team-w26-a1', NULL, 'MF', '[]', 33);
INSERT OR IGNORE INTO squad_players (squad_id, player_id, shirt_number, listed_position, status)
VALUES ('sq-w26-a1', 'p-w26-a1-10', 10, 'AM', 'available');
INSERT OR IGNORE INTO players (id, name, nationality, primary_team_id, club, position, role_tags_json, age)
VALUES ('p-w26-a1-11', 'Kenji Brown', 'MX', 'team-w26-a1', NULL, 'FW', '[]', 22);
INSERT OR IGNORE INTO squad_players (squad_id, player_id, shirt_number, listed_position, status)
VALUES ('sq-w26-a1', 'p-w26-a1-11', 11, 'LW', 'available');
INSERT OR IGNORE INTO players (id, name, nationality, primary_team_id, club, position, role_tags_json, age)
VALUES ('p-w26-a1-14', 'Hassan Okonkwo', 'MX', 'team-w26-a1', NULL, 'FW', '[]', 25);
INSERT OR IGNORE INTO squad_players (squad_id, player_id, shirt_number, listed_position, status)
VALUES ('sq-w26-a1', 'p-w26-a1-14', 14, 'RW', 'available');
INSERT OR IGNORE INTO players (id, name, nationality, primary_team_id, club, position, role_tags_json, age)
VALUES ('p-w26-a1-09', 'Hassan Silva', 'MX', 'team-w26-a1', NULL, 'FW', '[]', 25);
INSERT OR IGNORE INTO squad_players (squad_id, player_id, shirt_number, listed_position, status)
VALUES ('sq-w26-a1', 'p-w26-a1-09', 9, 'ST', 'available');
INSERT OR IGNORE INTO players (id, name, nationality, primary_team_id, club, position, role_tags_json, age)
VALUES ('p-w26-a1-12', 'Mateo Kim', 'MX', 'team-w26-a1', NULL, 'GK', '[]', 23);
INSERT OR IGNORE INTO squad_players (squad_id, player_id, shirt_number, listed_position, status)
VALUES ('sq-w26-a1', 'p-w26-a1-12', 12, 'GK', 'available');
INSERT OR IGNORE INTO players (id, name, nationality, primary_team_id, club, position, role_tags_json, age)
VALUES ('p-w26-a1-13', 'Sven García', 'MX', 'team-w26-a1', NULL, 'DF', '[]', 24);
INSERT OR IGNORE INTO squad_players (squad_id, player_id, shirt_number, listed_position, status)
VALUES ('sq-w26-a1', 'p-w26-a1-13', 13, 'CB', 'available');
INSERT OR IGNORE INTO players (id, name, nationality, primary_team_id, club, position, role_tags_json, age)
VALUES ('p-w26-a1-15', 'Pierre Ali', 'MX', 'team-w26-a1', NULL, 'MF', '[]', 26);
INSERT OR IGNORE INTO squad_players (squad_id, player_id, shirt_number, listed_position, status)
VALUES ('sq-w26-a1', 'p-w26-a1-15', 15, 'CM', 'available');
INSERT OR IGNORE INTO players (id, name, nationality, primary_team_id, club, position, role_tags_json, age)
VALUES ('p-w26-a1-16', 'Jan Rossi', 'MX', 'team-w26-a1', NULL, 'FW', '[]', 27);
INSERT OR IGNORE INTO squad_players (squad_id, player_id, shirt_number, listed_position, status)
VALUES ('sq-w26-a1', 'p-w26-a1-16', 16, 'ST', 'available');

INSERT OR IGNORE INTO squads (id, tournament_id, team_id, source_id, is_official, confidence, announced_at)
VALUES ('sq-w26-a2', 't-2026', 'team-w26-a2', 'src-mock', 1, 0.82, '2026-05-15T12:00:00Z');

INSERT OR IGNORE INTO players (id, name, nationality, primary_team_id, club, position, role_tags_json, age)
VALUES ('p-w26-a2-01', 'Tom Brown', 'ZA', 'team-w26-a2', NULL, 'GK', '[]', 32);
INSERT OR IGNORE INTO squad_players (squad_id, player_id, shirt_number, listed_position, status)
VALUES ('sq-w26-a2', 'p-w26-a2-01', 1, 'GK', 'available');
INSERT OR IGNORE INTO players (id, name, nationality, primary_team_id, club, position, role_tags_json, age)
VALUES ('p-w26-a2-02', 'Luis Brown', 'ZA', 'team-w26-a2', NULL, 'DF', '[]', 31);
INSERT OR IGNORE INTO squad_players (squad_id, player_id, shirt_number, listed_position, status)
VALUES ('sq-w26-a2', 'p-w26-a2-02', 2, 'RB', 'available');
INSERT OR IGNORE INTO players (id, name, nationality, primary_team_id, club, position, role_tags_json, age)
VALUES ('p-w26-a2-03', 'André Brown', 'ZA', 'team-w26-a2', NULL, 'DF', '[]', 30);
INSERT OR IGNORE INTO squad_players (squad_id, player_id, shirt_number, listed_position, status)
VALUES ('sq-w26-a2', 'p-w26-a2-03', 3, 'CB', 'available');
INSERT OR IGNORE INTO players (id, name, nationality, primary_team_id, club, position, role_tags_json, age)
VALUES ('p-w26-a2-04', 'Carlos Brown', 'ZA', 'team-w26-a2', NULL, 'DF', '[]', 29);
INSERT OR IGNORE INTO squad_players (squad_id, player_id, shirt_number, listed_position, status)
VALUES ('sq-w26-a2', 'p-w26-a2-04', 4, 'CB', 'available');
INSERT OR IGNORE INTO players (id, name, nationality, primary_team_id, club, position, role_tags_json, age)
VALUES ('p-w26-a2-05', 'Erik Brown', 'ZA', 'team-w26-a2', NULL, 'DF', '[]', 28);
INSERT OR IGNORE INTO squad_players (squad_id, player_id, shirt_number, listed_position, status)
VALUES ('sq-w26-a2', 'p-w26-a2-05', 5, 'LB', 'available');
INSERT OR IGNORE INTO players (id, name, nationality, primary_team_id, club, position, role_tags_json, age)
VALUES ('p-w26-a2-06', 'Jan Brown', 'ZA', 'team-w26-a2', NULL, 'MF', '[]', 27);
INSERT OR IGNORE INTO squad_players (squad_id, player_id, shirt_number, listed_position, status)
VALUES ('sq-w26-a2', 'p-w26-a2-06', 6, 'DM', 'available');
INSERT OR IGNORE INTO players (id, name, nationality, primary_team_id, club, position, role_tags_json, age)
VALUES ('p-w26-a2-07', 'Pierre Brown', 'ZA', 'team-w26-a2', NULL, 'MF', '[]', 26);
INSERT OR IGNORE INTO squad_players (squad_id, player_id, shirt_number, listed_position, status)
VALUES ('sq-w26-a2', 'p-w26-a2-07', 7, 'CM', 'available');
INSERT OR IGNORE INTO players (id, name, nationality, primary_team_id, club, position, role_tags_json, age)
VALUES ('p-w26-a2-08', 'Hassan Brown', 'ZA', 'team-w26-a2', NULL, 'MF', '[]', 25);
INSERT OR IGNORE INTO squad_players (squad_id, player_id, shirt_number, listed_position, status)
VALUES ('sq-w26-a2', 'p-w26-a2-08', 8, 'CM', 'available');
INSERT OR IGNORE INTO players (id, name, nationality, primary_team_id, club, position, role_tags_json, age)
VALUES ('p-w26-a2-10', 'Tom Tanaka', 'ZA', 'team-w26-a2', NULL, 'MF', '[]', 28);
INSERT OR IGNORE INTO squad_players (squad_id, player_id, shirt_number, listed_position, status)
VALUES ('sq-w26-a2', 'p-w26-a2-10', 10, 'AM', 'available');
INSERT OR IGNORE INTO players (id, name, nationality, primary_team_id, club, position, role_tags_json, age)
VALUES ('p-w26-a2-11', 'Sam Johansson', 'ZA', 'team-w26-a2', NULL, 'FW', '[]', 29);
INSERT OR IGNORE INTO squad_players (squad_id, player_id, shirt_number, listed_position, status)
VALUES ('sq-w26-a2', 'p-w26-a2-11', 11, 'LW', 'available');
INSERT OR IGNORE INTO players (id, name, nationality, primary_team_id, club, position, role_tags_json, age)
VALUES ('p-w26-a2-14', 'Lucas Weber', 'ZA', 'team-w26-a2', NULL, 'FW', '[]', 32);
INSERT OR IGNORE INTO squad_players (squad_id, player_id, shirt_number, listed_position, status)
VALUES ('sq-w26-a2', 'p-w26-a2-14', 14, 'RW', 'available');
INSERT OR IGNORE INTO players (id, name, nationality, primary_team_id, club, position, role_tags_json, age)
VALUES ('p-w26-a2-09', 'Sven Brown', 'ZA', 'team-w26-a2', NULL, 'FW', '[]', 24);
INSERT OR IGNORE INTO squad_players (squad_id, player_id, shirt_number, listed_position, status)
VALUES ('sq-w26-a2', 'p-w26-a2-09', 9, 'ST', 'available');
INSERT OR IGNORE INTO players (id, name, nationality, primary_team_id, club, position, role_tags_json, age)
VALUES ('p-w26-a2-12', 'Alex Dupont', 'ZA', 'team-w26-a2', NULL, 'GK', '[]', 30);
INSERT OR IGNORE INTO squad_players (squad_id, player_id, shirt_number, listed_position, status)
VALUES ('sq-w26-a2', 'p-w26-a2-12', 12, 'GK', 'available');
INSERT OR IGNORE INTO players (id, name, nationality, primary_team_id, club, position, role_tags_json, age)
VALUES ('p-w26-a2-13', 'Marco Nielsen', 'ZA', 'team-w26-a2', NULL, 'DF', '[]', 31);
INSERT OR IGNORE INTO squad_players (squad_id, player_id, shirt_number, listed_position, status)
VALUES ('sq-w26-a2', 'p-w26-a2-13', 13, 'CB', 'available');
INSERT OR IGNORE INTO players (id, name, nationality, primary_team_id, club, position, role_tags_json, age)
VALUES ('p-w26-a2-15', 'Noah Lee', 'ZA', 'team-w26-a2', NULL, 'MF', '[]', 33);
INSERT OR IGNORE INTO squad_players (squad_id, player_id, shirt_number, listed_position, status)
VALUES ('sq-w26-a2', 'p-w26-a2-15', 15, 'CM', 'available');
INSERT OR IGNORE INTO players (id, name, nationality, primary_team_id, club, position, role_tags_json, age)
VALUES ('p-w26-a2-16', 'Omar Silva', 'ZA', 'team-w26-a2', NULL, 'FW', '[]', 22);
INSERT OR IGNORE INTO squad_players (squad_id, player_id, shirt_number, listed_position, status)
VALUES ('sq-w26-a2', 'p-w26-a2-16', 16, 'ST', 'available');

INSERT OR IGNORE INTO squads (id, tournament_id, team_id, source_id, is_official, confidence, announced_at)
VALUES ('sq-w26-a3', 't-2026', 'team-w26-a3', 'src-mock', 1, 0.82, '2026-05-15T12:00:00Z');

INSERT OR IGNORE INTO players (id, name, nationality, primary_team_id, club, position, role_tags_json, age)
VALUES ('p-w26-a3-01', 'Luis Lee', 'KR', 'team-w26-a3', NULL, 'GK', '[]', 31);
INSERT OR IGNORE INTO squad_players (squad_id, player_id, shirt_number, listed_position, status)
VALUES ('sq-w26-a3', 'p-w26-a3-01', 1, 'GK', 'available');
INSERT OR IGNORE INTO players (id, name, nationality, primary_team_id, club, position, role_tags_json, age)
VALUES ('p-w26-a3-02', 'André Lee', 'KR', 'team-w26-a3', NULL, 'DF', '[]', 30);
INSERT OR IGNORE INTO squad_players (squad_id, player_id, shirt_number, listed_position, status)
VALUES ('sq-w26-a3', 'p-w26-a3-02', 2, 'RB', 'available');
INSERT OR IGNORE INTO players (id, name, nationality, primary_team_id, club, position, role_tags_json, age)
VALUES ('p-w26-a3-03', 'Carlos Lee', 'KR', 'team-w26-a3', NULL, 'DF', '[]', 29);
INSERT OR IGNORE INTO squad_players (squad_id, player_id, shirt_number, listed_position, status)
VALUES ('sq-w26-a3', 'p-w26-a3-03', 3, 'CB', 'available');
INSERT OR IGNORE INTO players (id, name, nationality, primary_team_id, club, position, role_tags_json, age)
VALUES ('p-w26-a3-04', 'Erik Lee', 'KR', 'team-w26-a3', NULL, 'DF', '[]', 28);
INSERT OR IGNORE INTO squad_players (squad_id, player_id, shirt_number, listed_position, status)
VALUES ('sq-w26-a3', 'p-w26-a3-04', 4, 'CB', 'available');
INSERT OR IGNORE INTO players (id, name, nationality, primary_team_id, club, position, role_tags_json, age)
VALUES ('p-w26-a3-05', 'Jan Lee', 'KR', 'team-w26-a3', NULL, 'DF', '[]', 27);
INSERT OR IGNORE INTO squad_players (squad_id, player_id, shirt_number, listed_position, status)
VALUES ('sq-w26-a3', 'p-w26-a3-05', 5, 'LB', 'available');
INSERT OR IGNORE INTO players (id, name, nationality, primary_team_id, club, position, role_tags_json, age)
VALUES ('p-w26-a3-06', 'Pierre Lee', 'KR', 'team-w26-a3', NULL, 'MF', '[]', 26);
INSERT OR IGNORE INTO squad_players (squad_id, player_id, shirt_number, listed_position, status)
VALUES ('sq-w26-a3', 'p-w26-a3-06', 6, 'DM', 'available');
INSERT OR IGNORE INTO players (id, name, nationality, primary_team_id, club, position, role_tags_json, age)
VALUES ('p-w26-a3-07', 'Hassan Lee', 'KR', 'team-w26-a3', NULL, 'MF', '[]', 25);
INSERT OR IGNORE INTO squad_players (squad_id, player_id, shirt_number, listed_position, status)
VALUES ('sq-w26-a3', 'p-w26-a3-07', 7, 'CM', 'available');
INSERT OR IGNORE INTO players (id, name, nationality, primary_team_id, club, position, role_tags_json, age)
VALUES ('p-w26-a3-08', 'Sven Lee', 'KR', 'team-w26-a3', NULL, 'MF', '[]', 24);
INSERT OR IGNORE INTO squad_players (squad_id, player_id, shirt_number, listed_position, status)
VALUES ('sq-w26-a3', 'p-w26-a3-08', 8, 'CM', 'available');
INSERT OR IGNORE INTO players (id, name, nationality, primary_team_id, club, position, role_tags_json, age)
VALUES ('p-w26-a3-10', 'Mateo Brown', 'KR', 'team-w26-a3', NULL, 'MF', '[]', 23);
INSERT OR IGNORE INTO squad_players (squad_id, player_id, shirt_number, listed_position, status)
VALUES ('sq-w26-a3', 'p-w26-a3-10', 10, 'AM', 'available');
INSERT OR IGNORE INTO players (id, name, nationality, primary_team_id, club, position, role_tags_json, age)
VALUES ('p-w26-a3-11', 'Sven Kim', 'KR', 'team-w26-a3', NULL, 'FW', '[]', 24);
INSERT OR IGNORE INTO squad_players (squad_id, player_id, shirt_number, listed_position, status)
VALUES ('sq-w26-a3', 'p-w26-a3-11', 11, 'LW', 'available');
INSERT OR IGNORE INTO players (id, name, nationality, primary_team_id, club, position, role_tags_json, age)
VALUES ('p-w26-a3-14', 'Jan Ali', 'KR', 'team-w26-a3', NULL, 'FW', '[]', 27);
INSERT OR IGNORE INTO squad_players (squad_id, player_id, shirt_number, listed_position, status)
VALUES ('sq-w26-a3', 'p-w26-a3-14', 14, 'RW', 'available');
INSERT OR IGNORE INTO players (id, name, nationality, primary_team_id, club, position, role_tags_json, age)
VALUES ('p-w26-a3-09', 'Mateo Lee', 'KR', 'team-w26-a3', NULL, 'FW', '[]', 23);
INSERT OR IGNORE INTO squad_players (squad_id, player_id, shirt_number, listed_position, status)
VALUES ('sq-w26-a3', 'p-w26-a3-09', 9, 'ST', 'available');
INSERT OR IGNORE INTO players (id, name, nationality, primary_team_id, club, position, role_tags_json, age)
VALUES ('p-w26-a3-12', 'Hassan García', 'KR', 'team-w26-a3', NULL, 'GK', '[]', 25);
INSERT OR IGNORE INTO squad_players (squad_id, player_id, shirt_number, listed_position, status)
VALUES ('sq-w26-a3', 'p-w26-a3-12', 12, 'GK', 'available');
INSERT OR IGNORE INTO players (id, name, nationality, primary_team_id, club, position, role_tags_json, age)
VALUES ('p-w26-a3-13', 'Pierre Okonkwo', 'KR', 'team-w26-a3', NULL, 'DF', '[]', 26);
INSERT OR IGNORE INTO squad_players (squad_id, player_id, shirt_number, listed_position, status)
VALUES ('sq-w26-a3', 'p-w26-a3-13', 13, 'CB', 'available');
INSERT OR IGNORE INTO players (id, name, nationality, primary_team_id, club, position, role_tags_json, age)
VALUES ('p-w26-a3-15', 'Erik Rossi', 'KR', 'team-w26-a3', NULL, 'MF', '[]', 28);
INSERT OR IGNORE INTO squad_players (squad_id, player_id, shirt_number, listed_position, status)
VALUES ('sq-w26-a3', 'p-w26-a3-15', 15, 'CM', 'available');
INSERT OR IGNORE INTO players (id, name, nationality, primary_team_id, club, position, role_tags_json, age)
VALUES ('p-w26-a3-16', 'Carlos Benali', 'KR', 'team-w26-a3', NULL, 'FW', '[]', 29);
INSERT OR IGNORE INTO squad_players (squad_id, player_id, shirt_number, listed_position, status)
VALUES ('sq-w26-a3', 'p-w26-a3-16', 16, 'ST', 'available');

INSERT OR IGNORE INTO squads (id, tournament_id, team_id, source_id, is_official, confidence, announced_at)
VALUES ('sq-w26-a4', 't-2026', 'team-w26-a4', 'src-mock', 1, 0.82, '2026-05-15T12:00:00Z');

INSERT OR IGNORE INTO players (id, name, nationality, primary_team_id, club, position, role_tags_json, age)
VALUES ('p-w26-a4-01', 'André Costa', 'CZ', 'team-w26-a4', NULL, 'GK', '[]', 30);
INSERT OR IGNORE INTO squad_players (squad_id, player_id, shirt_number, listed_position, status)
VALUES ('sq-w26-a4', 'p-w26-a4-01', 1, 'GK', 'available');
INSERT OR IGNORE INTO players (id, name, nationality, primary_team_id, club, position, role_tags_json, age)
VALUES ('p-w26-a4-02', 'Carlos Costa', 'CZ', 'team-w26-a4', NULL, 'DF', '[]', 29);
INSERT OR IGNORE INTO squad_players (squad_id, player_id, shirt_number, listed_position, status)
VALUES ('sq-w26-a4', 'p-w26-a4-02', 2, 'RB', 'available');
INSERT OR IGNORE INTO players (id, name, nationality, primary_team_id, club, position, role_tags_json, age)
VALUES ('p-w26-a4-03', 'Erik Costa', 'CZ', 'team-w26-a4', NULL, 'DF', '[]', 28);
INSERT OR IGNORE INTO squad_players (squad_id, player_id, shirt_number, listed_position, status)
VALUES ('sq-w26-a4', 'p-w26-a4-03', 3, 'CB', 'available');
INSERT OR IGNORE INTO players (id, name, nationality, primary_team_id, club, position, role_tags_json, age)
VALUES ('p-w26-a4-04', 'Jan Costa', 'CZ', 'team-w26-a4', NULL, 'DF', '[]', 27);
INSERT OR IGNORE INTO squad_players (squad_id, player_id, shirt_number, listed_position, status)
VALUES ('sq-w26-a4', 'p-w26-a4-04', 4, 'CB', 'available');
INSERT OR IGNORE INTO players (id, name, nationality, primary_team_id, club, position, role_tags_json, age)
VALUES ('p-w26-a4-05', 'Pierre Costa', 'CZ', 'team-w26-a4', NULL, 'DF', '[]', 26);
INSERT OR IGNORE INTO squad_players (squad_id, player_id, shirt_number, listed_position, status)
VALUES ('sq-w26-a4', 'p-w26-a4-05', 5, 'LB', 'available');
INSERT OR IGNORE INTO players (id, name, nationality, primary_team_id, club, position, role_tags_json, age)
VALUES ('p-w26-a4-06', 'Hassan Costa', 'CZ', 'team-w26-a4', NULL, 'MF', '[]', 25);
INSERT OR IGNORE INTO squad_players (squad_id, player_id, shirt_number, listed_position, status)
VALUES ('sq-w26-a4', 'p-w26-a4-06', 6, 'DM', 'available');
INSERT OR IGNORE INTO players (id, name, nationality, primary_team_id, club, position, role_tags_json, age)
VALUES ('p-w26-a4-07', 'Sven Costa', 'CZ', 'team-w26-a4', NULL, 'MF', '[]', 24);
INSERT OR IGNORE INTO squad_players (squad_id, player_id, shirt_number, listed_position, status)
VALUES ('sq-w26-a4', 'p-w26-a4-07', 7, 'CM', 'available');
INSERT OR IGNORE INTO players (id, name, nationality, primary_team_id, club, position, role_tags_json, age)
VALUES ('p-w26-a4-08', 'Mateo Costa', 'CZ', 'team-w26-a4', NULL, 'MF', '[]', 23);
INSERT OR IGNORE INTO squad_players (squad_id, player_id, shirt_number, listed_position, status)
VALUES ('sq-w26-a4', 'p-w26-a4-08', 8, 'CM', 'available');
INSERT OR IGNORE INTO players (id, name, nationality, primary_team_id, club, position, role_tags_json, age)
VALUES ('p-w26-a4-10', 'Alex Johansson', 'CZ', 'team-w26-a4', NULL, 'MF', '[]', 30);
INSERT OR IGNORE INTO squad_players (squad_id, player_id, shirt_number, listed_position, status)
VALUES ('sq-w26-a4', 'p-w26-a4-10', 10, 'AM', 'available');
INSERT OR IGNORE INTO players (id, name, nationality, primary_team_id, club, position, role_tags_json, age)
VALUES ('p-w26-a4-11', 'Marco Dupont', 'CZ', 'team-w26-a4', NULL, 'FW', '[]', 31);
INSERT OR IGNORE INTO squad_players (squad_id, player_id, shirt_number, listed_position, status)
VALUES ('sq-w26-a4', 'p-w26-a4-11', 11, 'LW', 'available');
INSERT OR IGNORE INTO players (id, name, nationality, primary_team_id, club, position, role_tags_json, age)
VALUES ('p-w26-a4-14', 'Omar Lee', 'CZ', 'team-w26-a4', NULL, 'FW', '[]', 22);
INSERT OR IGNORE INTO squad_players (squad_id, player_id, shirt_number, listed_position, status)
VALUES ('sq-w26-a4', 'p-w26-a4-14', 14, 'RW', 'available');
INSERT OR IGNORE INTO players (id, name, nationality, primary_team_id, club, position, role_tags_json, age)
VALUES ('p-w26-a4-09', 'Kenji Costa', 'CZ', 'team-w26-a4', NULL, 'FW', '[]', 22);
INSERT OR IGNORE INTO squad_players (squad_id, player_id, shirt_number, listed_position, status)
VALUES ('sq-w26-a4', 'p-w26-a4-09', 9, 'ST', 'available');
INSERT OR IGNORE INTO players (id, name, nationality, primary_team_id, club, position, role_tags_json, age)
VALUES ('p-w26-a4-12', 'Lucas Nielsen', 'CZ', 'team-w26-a4', NULL, 'GK', '[]', 32);
INSERT OR IGNORE INTO squad_players (squad_id, player_id, shirt_number, listed_position, status)
VALUES ('sq-w26-a4', 'p-w26-a4-12', 12, 'GK', 'available');
INSERT OR IGNORE INTO players (id, name, nationality, primary_team_id, club, position, role_tags_json, age)
VALUES ('p-w26-a4-13', 'Noah Weber', 'CZ', 'team-w26-a4', NULL, 'DF', '[]', 33);
INSERT OR IGNORE INTO squad_players (squad_id, player_id, shirt_number, listed_position, status)
VALUES ('sq-w26-a4', 'p-w26-a4-13', 13, 'CB', 'available');
INSERT OR IGNORE INTO players (id, name, nationality, primary_team_id, club, position, role_tags_json, age)
VALUES ('p-w26-a4-15', 'Yuki Silva', 'CZ', 'team-w26-a4', NULL, 'MF', '[]', 23);
INSERT OR IGNORE INTO squad_players (squad_id, player_id, shirt_number, listed_position, status)
VALUES ('sq-w26-a4', 'p-w26-a4-15', 15, 'CM', 'available');
INSERT OR IGNORE INTO players (id, name, nationality, primary_team_id, club, position, role_tags_json, age)
VALUES ('p-w26-a4-16', 'Diego Novák', 'CZ', 'team-w26-a4', NULL, 'FW', '[]', 24);
INSERT OR IGNORE INTO squad_players (squad_id, player_id, shirt_number, listed_position, status)
VALUES ('sq-w26-a4', 'p-w26-a4-16', 16, 'ST', 'available');

INSERT OR IGNORE INTO squads (id, tournament_id, team_id, source_id, is_official, confidence, announced_at)
VALUES ('sq-w26-b1', 't-2026', 'team-w26-b1', 'src-mock', 1, 0.82, '2026-05-15T12:00:00Z');

INSERT OR IGNORE INTO players (id, name, nationality, primary_team_id, club, position, role_tags_json, age)
VALUES ('p-w26-b1-01', 'Kenji Rossi', 'CA', 'team-w26-b1', NULL, 'GK', '[]', 26);
INSERT OR IGNORE INTO squad_players (squad_id, player_id, shirt_number, listed_position, status)
VALUES ('sq-w26-b1', 'p-w26-b1-01', 1, 'GK', 'available');
INSERT OR IGNORE INTO players (id, name, nationality, primary_team_id, club, position, role_tags_json, age)
VALUES ('p-w26-b1-02', 'Ivan Rossi', 'CA', 'team-w26-b1', NULL, 'DF', '[]', 25);
INSERT OR IGNORE INTO squad_players (squad_id, player_id, shirt_number, listed_position, status)
VALUES ('sq-w26-b1', 'p-w26-b1-02', 2, 'RB', 'available');
INSERT OR IGNORE INTO players (id, name, nationality, primary_team_id, club, position, role_tags_json, age)
VALUES ('p-w26-b1-03', 'Diego Rossi', 'CA', 'team-w26-b1', NULL, 'DF', '[]', 24);
INSERT OR IGNORE INTO squad_players (squad_id, player_id, shirt_number, listed_position, status)
VALUES ('sq-w26-b1', 'p-w26-b1-03', 3, 'CB', 'available');
INSERT OR IGNORE INTO players (id, name, nationality, primary_team_id, club, position, role_tags_json, age)
VALUES ('p-w26-b1-04', 'Yuki Rossi', 'CA', 'team-w26-b1', NULL, 'DF', '[]', 23);
INSERT OR IGNORE INTO squad_players (squad_id, player_id, shirt_number, listed_position, status)
VALUES ('sq-w26-b1', 'p-w26-b1-04', 4, 'CB', 'available');
INSERT OR IGNORE INTO players (id, name, nationality, primary_team_id, club, position, role_tags_json, age)
VALUES ('p-w26-b1-05', 'Omar Rossi', 'CA', 'team-w26-b1', NULL, 'DF', '[]', 22);
INSERT OR IGNORE INTO squad_players (squad_id, player_id, shirt_number, listed_position, status)
VALUES ('sq-w26-b1', 'p-w26-b1-05', 5, 'LB', 'available');
INSERT OR IGNORE INTO players (id, name, nationality, primary_team_id, club, position, role_tags_json, age)
VALUES ('p-w26-b1-06', 'Noah Rossi', 'CA', 'team-w26-b1', NULL, 'MF', '[]', 33);
INSERT OR IGNORE INTO squad_players (squad_id, player_id, shirt_number, listed_position, status)
VALUES ('sq-w26-b1', 'p-w26-b1-06', 6, 'DM', 'available');
INSERT OR IGNORE INTO players (id, name, nationality, primary_team_id, club, position, role_tags_json, age)
VALUES ('p-w26-b1-07', 'Lucas Rossi', 'CA', 'team-w26-b1', NULL, 'MF', '[]', 32);
INSERT OR IGNORE INTO squad_players (squad_id, player_id, shirt_number, listed_position, status)
VALUES ('sq-w26-b1', 'p-w26-b1-07', 7, 'CM', 'available');
INSERT OR IGNORE INTO players (id, name, nationality, primary_team_id, club, position, role_tags_json, age)
VALUES ('p-w26-b1-08', 'Marco Rossi', 'CA', 'team-w26-b1', NULL, 'MF', '[]', 31);
INSERT OR IGNORE INTO squad_players (squad_id, player_id, shirt_number, listed_position, status)
VALUES ('sq-w26-b1', 'p-w26-b1-08', 8, 'CM', 'available');
INSERT OR IGNORE INTO players (id, name, nationality, primary_team_id, club, position, role_tags_json, age)
VALUES ('p-w26-b1-10', 'Kenji Lee', 'CA', 'team-w26-b1', NULL, 'MF', '[]', 22);
INSERT OR IGNORE INTO squad_players (squad_id, player_id, shirt_number, listed_position, status)
VALUES ('sq-w26-b1', 'p-w26-b1-10', 10, 'AM', 'available');
INSERT OR IGNORE INTO players (id, name, nationality, primary_team_id, club, position, role_tags_json, age)
VALUES ('p-w26-b1-11', 'Mateo Silva', 'CA', 'team-w26-b1', NULL, 'FW', '[]', 23);
INSERT OR IGNORE INTO squad_players (squad_id, player_id, shirt_number, listed_position, status)
VALUES ('sq-w26-b1', 'p-w26-b1-11', 11, 'LW', 'available');
INSERT OR IGNORE INTO players (id, name, nationality, primary_team_id, club, position, role_tags_json, age)
VALUES ('p-w26-b1-14', 'Pierre Petrov', 'CA', 'team-w26-b1', NULL, 'FW', '[]', 26);
INSERT OR IGNORE INTO squad_players (squad_id, player_id, shirt_number, listed_position, status)
VALUES ('sq-w26-b1', 'p-w26-b1-14', 14, 'RW', 'available');
INSERT OR IGNORE INTO players (id, name, nationality, primary_team_id, club, position, role_tags_json, age)
VALUES ('p-w26-b1-09', 'Alex Rossi', 'CA', 'team-w26-b1', NULL, 'FW', '[]', 30);
INSERT OR IGNORE INTO squad_players (squad_id, player_id, shirt_number, listed_position, status)
VALUES ('sq-w26-b1', 'p-w26-b1-09', 9, 'ST', 'available');
INSERT OR IGNORE INTO players (id, name, nationality, primary_team_id, club, position, role_tags_json, age)
VALUES ('p-w26-b1-12', 'Sven Novák', 'CA', 'team-w26-b1', NULL, 'GK', '[]', 24);
INSERT OR IGNORE INTO squad_players (squad_id, player_id, shirt_number, listed_position, status)
VALUES ('sq-w26-b1', 'p-w26-b1-12', 12, 'GK', 'available');
INSERT OR IGNORE INTO players (id, name, nationality, primary_team_id, club, position, role_tags_json, age)
VALUES ('p-w26-b1-13', 'Hassan Müller', 'CA', 'team-w26-b1', NULL, 'DF', '[]', 25);
INSERT OR IGNORE INTO squad_players (squad_id, player_id, shirt_number, listed_position, status)
VALUES ('sq-w26-b1', 'p-w26-b1-13', 13, 'CB', 'available');
INSERT OR IGNORE INTO players (id, name, nationality, primary_team_id, club, position, role_tags_json, age)
VALUES ('p-w26-b1-15', 'Jan Tanaka', 'CA', 'team-w26-b1', NULL, 'MF', '[]', 27);
INSERT OR IGNORE INTO squad_players (squad_id, player_id, shirt_number, listed_position, status)
VALUES ('sq-w26-b1', 'p-w26-b1-15', 15, 'CM', 'available');
INSERT OR IGNORE INTO players (id, name, nationality, primary_team_id, club, position, role_tags_json, age)
VALUES ('p-w26-b1-16', 'Erik Johansson', 'CA', 'team-w26-b1', NULL, 'FW', '[]', 28);
INSERT OR IGNORE INTO squad_players (squad_id, player_id, shirt_number, listed_position, status)
VALUES ('sq-w26-b1', 'p-w26-b1-16', 16, 'ST', 'available');

INSERT OR IGNORE INTO squads (id, tournament_id, team_id, source_id, is_official, confidence, announced_at)
VALUES ('sq-w26-b2', 't-2026', 'team-w26-b2', 'src-mock', 1, 0.82, '2026-05-15T12:00:00Z');

INSERT OR IGNORE INTO players (id, name, nationality, primary_team_id, club, position, role_tags_json, age)
VALUES ('p-w26-b2-01', 'Ivan Tanaka', 'BA', 'team-w26-b2', NULL, 'GK', '[]', 25);
INSERT OR IGNORE INTO squad_players (squad_id, player_id, shirt_number, listed_position, status)
VALUES ('sq-w26-b2', 'p-w26-b2-01', 1, 'GK', 'available');
INSERT OR IGNORE INTO players (id, name, nationality, primary_team_id, club, position, role_tags_json, age)
VALUES ('p-w26-b2-02', 'Diego Tanaka', 'BA', 'team-w26-b2', NULL, 'DF', '[]', 24);
INSERT OR IGNORE INTO squad_players (squad_id, player_id, shirt_number, listed_position, status)
VALUES ('sq-w26-b2', 'p-w26-b2-02', 2, 'RB', 'available');
INSERT OR IGNORE INTO players (id, name, nationality, primary_team_id, club, position, role_tags_json, age)
VALUES ('p-w26-b2-03', 'Yuki Tanaka', 'BA', 'team-w26-b2', NULL, 'DF', '[]', 23);
INSERT OR IGNORE INTO squad_players (squad_id, player_id, shirt_number, listed_position, status)
VALUES ('sq-w26-b2', 'p-w26-b2-03', 3, 'CB', 'available');
INSERT OR IGNORE INTO players (id, name, nationality, primary_team_id, club, position, role_tags_json, age)
VALUES ('p-w26-b2-04', 'Omar Tanaka', 'BA', 'team-w26-b2', NULL, 'DF', '[]', 22);
INSERT OR IGNORE INTO squad_players (squad_id, player_id, shirt_number, listed_position, status)
VALUES ('sq-w26-b2', 'p-w26-b2-04', 4, 'CB', 'available');
INSERT OR IGNORE INTO players (id, name, nationality, primary_team_id, club, position, role_tags_json, age)
VALUES ('p-w26-b2-05', 'Noah Tanaka', 'BA', 'team-w26-b2', NULL, 'DF', '[]', 33);
INSERT OR IGNORE INTO squad_players (squad_id, player_id, shirt_number, listed_position, status)
VALUES ('sq-w26-b2', 'p-w26-b2-05', 5, 'LB', 'available');
INSERT OR IGNORE INTO players (id, name, nationality, primary_team_id, club, position, role_tags_json, age)
VALUES ('p-w26-b2-06', 'Lucas Tanaka', 'BA', 'team-w26-b2', NULL, 'MF', '[]', 32);
INSERT OR IGNORE INTO squad_players (squad_id, player_id, shirt_number, listed_position, status)
VALUES ('sq-w26-b2', 'p-w26-b2-06', 6, 'DM', 'available');
INSERT OR IGNORE INTO players (id, name, nationality, primary_team_id, club, position, role_tags_json, age)
VALUES ('p-w26-b2-07', 'Marco Tanaka', 'BA', 'team-w26-b2', NULL, 'MF', '[]', 31);
INSERT OR IGNORE INTO squad_players (squad_id, player_id, shirt_number, listed_position, status)
VALUES ('sq-w26-b2', 'p-w26-b2-07', 7, 'CM', 'available');
INSERT OR IGNORE INTO players (id, name, nationality, primary_team_id, club, position, role_tags_json, age)
VALUES ('p-w26-b2-08', 'Alex Tanaka', 'BA', 'team-w26-b2', NULL, 'MF', '[]', 30);
INSERT OR IGNORE INTO squad_players (squad_id, player_id, shirt_number, listed_position, status)
VALUES ('sq-w26-b2', 'p-w26-b2-08', 8, 'CM', 'available');
INSERT OR IGNORE INTO players (id, name, nationality, primary_team_id, club, position, role_tags_json, age)
VALUES ('p-w26-b2-10', 'Sam Rossi', 'BA', 'team-w26-b2', NULL, 'MF', '[]', 29);
INSERT OR IGNORE INTO squad_players (squad_id, player_id, shirt_number, listed_position, status)
VALUES ('sq-w26-b2', 'p-w26-b2-10', 10, 'AM', 'available');
INSERT OR IGNORE INTO players (id, name, nationality, primary_team_id, club, position, role_tags_json, age)
VALUES ('p-w26-b2-11', 'Alex Benali', 'BA', 'team-w26-b2', NULL, 'FW', '[]', 30);
INSERT OR IGNORE INTO squad_players (squad_id, player_id, shirt_number, listed_position, status)
VALUES ('sq-w26-b2', 'p-w26-b2-11', 11, 'LW', 'available');
INSERT OR IGNORE INTO players (id, name, nationality, primary_team_id, club, position, role_tags_json, age)
VALUES ('p-w26-b2-14', 'Noah Costa', 'BA', 'team-w26-b2', NULL, 'FW', '[]', 33);
INSERT OR IGNORE INTO squad_players (squad_id, player_id, shirt_number, listed_position, status)
VALUES ('sq-w26-b2', 'p-w26-b2-14', 14, 'RW', 'available');
INSERT OR IGNORE INTO players (id, name, nationality, primary_team_id, club, position, role_tags_json, age)
VALUES ('p-w26-b2-09', 'Sam Tanaka', 'BA', 'team-w26-b2', NULL, 'FW', '[]', 29);
INSERT OR IGNORE INTO squad_players (squad_id, player_id, shirt_number, listed_position, status)
VALUES ('sq-w26-b2', 'p-w26-b2-09', 9, 'ST', 'available');
INSERT OR IGNORE INTO players (id, name, nationality, primary_team_id, club, position, role_tags_json, age)
VALUES ('p-w26-b2-12', 'Marco Horváth', 'BA', 'team-w26-b2', NULL, 'GK', '[]', 31);
INSERT OR IGNORE INTO squad_players (squad_id, player_id, shirt_number, listed_position, status)
VALUES ('sq-w26-b2', 'p-w26-b2-12', 12, 'GK', 'available');
INSERT OR IGNORE INTO players (id, name, nationality, primary_team_id, club, position, role_tags_json, age)
VALUES ('p-w26-b2-13', 'Lucas Santos', 'BA', 'team-w26-b2', NULL, 'DF', '[]', 32);
INSERT OR IGNORE INTO squad_players (squad_id, player_id, shirt_number, listed_position, status)
VALUES ('sq-w26-b2', 'p-w26-b2-13', 13, 'CB', 'available');
INSERT OR IGNORE INTO players (id, name, nationality, primary_team_id, club, position, role_tags_json, age)
VALUES ('p-w26-b2-15', 'Omar Brown', 'BA', 'team-w26-b2', NULL, 'MF', '[]', 22);
INSERT OR IGNORE INTO squad_players (squad_id, player_id, shirt_number, listed_position, status)
VALUES ('sq-w26-b2', 'p-w26-b2-15', 15, 'CM', 'available');
INSERT OR IGNORE INTO players (id, name, nationality, primary_team_id, club, position, role_tags_json, age)
VALUES ('p-w26-b2-16', 'Yuki Kim', 'BA', 'team-w26-b2', NULL, 'FW', '[]', 23);
INSERT OR IGNORE INTO squad_players (squad_id, player_id, shirt_number, listed_position, status)
VALUES ('sq-w26-b2', 'p-w26-b2-16', 16, 'ST', 'available');

INSERT OR IGNORE INTO squads (id, tournament_id, team_id, source_id, is_official, confidence, announced_at)
VALUES ('sq-w26-b3', 't-2026', 'team-w26-b3', 'src-mock', 1, 0.82, '2026-05-15T12:00:00Z');

INSERT OR IGNORE INTO players (id, name, nationality, primary_team_id, club, position, role_tags_json, age)
VALUES ('p-w26-b3-01', 'Diego Ali', 'QA', 'team-w26-b3', NULL, 'GK', '[]', 24);
INSERT OR IGNORE INTO squad_players (squad_id, player_id, shirt_number, listed_position, status)
VALUES ('sq-w26-b3', 'p-w26-b3-01', 1, 'GK', 'available');
INSERT OR IGNORE INTO players (id, name, nationality, primary_team_id, club, position, role_tags_json, age)
VALUES ('p-w26-b3-02', 'Yuki Ali', 'QA', 'team-w26-b3', NULL, 'DF', '[]', 23);
INSERT OR IGNORE INTO squad_players (squad_id, player_id, shirt_number, listed_position, status)
VALUES ('sq-w26-b3', 'p-w26-b3-02', 2, 'RB', 'available');
INSERT OR IGNORE INTO players (id, name, nationality, primary_team_id, club, position, role_tags_json, age)
VALUES ('p-w26-b3-03', 'Omar Ali', 'QA', 'team-w26-b3', NULL, 'DF', '[]', 22);
INSERT OR IGNORE INTO squad_players (squad_id, player_id, shirt_number, listed_position, status)
VALUES ('sq-w26-b3', 'p-w26-b3-03', 3, 'CB', 'available');
INSERT OR IGNORE INTO players (id, name, nationality, primary_team_id, club, position, role_tags_json, age)
VALUES ('p-w26-b3-04', 'Noah Ali', 'QA', 'team-w26-b3', NULL, 'DF', '[]', 33);
INSERT OR IGNORE INTO squad_players (squad_id, player_id, shirt_number, listed_position, status)
VALUES ('sq-w26-b3', 'p-w26-b3-04', 4, 'CB', 'available');
INSERT OR IGNORE INTO players (id, name, nationality, primary_team_id, club, position, role_tags_json, age)
VALUES ('p-w26-b3-05', 'Lucas Ali', 'QA', 'team-w26-b3', NULL, 'DF', '[]', 32);
INSERT OR IGNORE INTO squad_players (squad_id, player_id, shirt_number, listed_position, status)
VALUES ('sq-w26-b3', 'p-w26-b3-05', 5, 'LB', 'available');
INSERT OR IGNORE INTO players (id, name, nationality, primary_team_id, club, position, role_tags_json, age)
VALUES ('p-w26-b3-06', 'Marco Ali', 'QA', 'team-w26-b3', NULL, 'MF', '[]', 31);
INSERT OR IGNORE INTO squad_players (squad_id, player_id, shirt_number, listed_position, status)
VALUES ('sq-w26-b3', 'p-w26-b3-06', 6, 'DM', 'available');
INSERT OR IGNORE INTO players (id, name, nationality, primary_team_id, club, position, role_tags_json, age)
VALUES ('p-w26-b3-07', 'Alex Ali', 'QA', 'team-w26-b3', NULL, 'MF', '[]', 30);
INSERT OR IGNORE INTO squad_players (squad_id, player_id, shirt_number, listed_position, status)
VALUES ('sq-w26-b3', 'p-w26-b3-07', 7, 'CM', 'available');
INSERT OR IGNORE INTO players (id, name, nationality, primary_team_id, club, position, role_tags_json, age)
VALUES ('p-w26-b3-08', 'Sam Ali', 'QA', 'team-w26-b3', NULL, 'MF', '[]', 29);
INSERT OR IGNORE INTO squad_players (squad_id, player_id, shirt_number, listed_position, status)
VALUES ('sq-w26-b3', 'p-w26-b3-08', 8, 'CM', 'available');
INSERT OR IGNORE INTO players (id, name, nationality, primary_team_id, club, position, role_tags_json, age)
VALUES ('p-w26-b3-10', 'Sven Silva', 'QA', 'team-w26-b3', NULL, 'MF', '[]', 24);
INSERT OR IGNORE INTO squad_players (squad_id, player_id, shirt_number, listed_position, status)
VALUES ('sq-w26-b3', 'p-w26-b3-10', 10, 'AM', 'available');
INSERT OR IGNORE INTO players (id, name, nationality, primary_team_id, club, position, role_tags_json, age)
VALUES ('p-w26-b3-11', 'Hassan Novák', 'QA', 'team-w26-b3', NULL, 'FW', '[]', 25);
INSERT OR IGNORE INTO squad_players (squad_id, player_id, shirt_number, listed_position, status)
VALUES ('sq-w26-b3', 'p-w26-b3-11', 11, 'LW', 'available');
INSERT OR IGNORE INTO players (id, name, nationality, primary_team_id, club, position, role_tags_json, age)
VALUES ('p-w26-b3-14', 'Erik Tanaka', 'QA', 'team-w26-b3', NULL, 'FW', '[]', 28);
INSERT OR IGNORE INTO squad_players (squad_id, player_id, shirt_number, listed_position, status)
VALUES ('sq-w26-b3', 'p-w26-b3-14', 14, 'RW', 'available');
INSERT OR IGNORE INTO players (id, name, nationality, primary_team_id, club, position, role_tags_json, age)
VALUES ('p-w26-b3-09', 'Tom Ali', 'QA', 'team-w26-b3', NULL, 'FW', '[]', 28);
INSERT OR IGNORE INTO squad_players (squad_id, player_id, shirt_number, listed_position, status)
VALUES ('sq-w26-b3', 'p-w26-b3-09', 9, 'ST', 'available');
INSERT OR IGNORE INTO players (id, name, nationality, primary_team_id, club, position, role_tags_json, age)
VALUES ('p-w26-b3-12', 'Pierre Müller', 'QA', 'team-w26-b3', NULL, 'GK', '[]', 26);
INSERT OR IGNORE INTO squad_players (squad_id, player_id, shirt_number, listed_position, status)
VALUES ('sq-w26-b3', 'p-w26-b3-12', 12, 'GK', 'available');
INSERT OR IGNORE INTO players (id, name, nationality, primary_team_id, club, position, role_tags_json, age)
VALUES ('p-w26-b3-13', 'Jan Petrov', 'QA', 'team-w26-b3', NULL, 'DF', '[]', 27);
INSERT OR IGNORE INTO squad_players (squad_id, player_id, shirt_number, listed_position, status)
VALUES ('sq-w26-b3', 'p-w26-b3-13', 13, 'CB', 'available');
INSERT OR IGNORE INTO players (id, name, nationality, primary_team_id, club, position, role_tags_json, age)
VALUES ('p-w26-b3-15', 'Carlos Johansson', 'QA', 'team-w26-b3', NULL, 'MF', '[]', 29);
INSERT OR IGNORE INTO squad_players (squad_id, player_id, shirt_number, listed_position, status)
VALUES ('sq-w26-b3', 'p-w26-b3-15', 15, 'CM', 'available');
INSERT OR IGNORE INTO players (id, name, nationality, primary_team_id, club, position, role_tags_json, age)
VALUES ('p-w26-b3-16', 'André Dupont', 'QA', 'team-w26-b3', NULL, 'FW', '[]', 30);
INSERT OR IGNORE INTO squad_players (squad_id, player_id, shirt_number, listed_position, status)
VALUES ('sq-w26-b3', 'p-w26-b3-16', 16, 'ST', 'available');

INSERT OR IGNORE INTO squads (id, tournament_id, team_id, source_id, is_official, confidence, announced_at)
VALUES ('sq-w26-b4', 't-2026', 'team-w26-b4', 'src-mock', 1, 0.82, '2026-05-15T12:00:00Z');

INSERT OR IGNORE INTO players (id, name, nationality, primary_team_id, club, position, role_tags_json, age)
VALUES ('p-w26-b4-01', 'Yuki Petrov', 'CH', 'team-w26-b4', NULL, 'GK', '[]', 23);
INSERT OR IGNORE INTO squad_players (squad_id, player_id, shirt_number, listed_position, status)
VALUES ('sq-w26-b4', 'p-w26-b4-01', 1, 'GK', 'available');
INSERT OR IGNORE INTO players (id, name, nationality, primary_team_id, club, position, role_tags_json, age)
VALUES ('p-w26-b4-02', 'Omar Petrov', 'CH', 'team-w26-b4', NULL, 'DF', '[]', 22);
INSERT OR IGNORE INTO squad_players (squad_id, player_id, shirt_number, listed_position, status)
VALUES ('sq-w26-b4', 'p-w26-b4-02', 2, 'RB', 'available');
INSERT OR IGNORE INTO players (id, name, nationality, primary_team_id, club, position, role_tags_json, age)
VALUES ('p-w26-b4-03', 'Noah Petrov', 'CH', 'team-w26-b4', NULL, 'DF', '[]', 33);
INSERT OR IGNORE INTO squad_players (squad_id, player_id, shirt_number, listed_position, status)
VALUES ('sq-w26-b4', 'p-w26-b4-03', 3, 'CB', 'available');
INSERT OR IGNORE INTO players (id, name, nationality, primary_team_id, club, position, role_tags_json, age)
VALUES ('p-w26-b4-04', 'Lucas Petrov', 'CH', 'team-w26-b4', NULL, 'DF', '[]', 32);
INSERT OR IGNORE INTO squad_players (squad_id, player_id, shirt_number, listed_position, status)
VALUES ('sq-w26-b4', 'p-w26-b4-04', 4, 'CB', 'available');
INSERT OR IGNORE INTO players (id, name, nationality, primary_team_id, club, position, role_tags_json, age)
VALUES ('p-w26-b4-05', 'Marco Petrov', 'CH', 'team-w26-b4', NULL, 'DF', '[]', 31);
INSERT OR IGNORE INTO squad_players (squad_id, player_id, shirt_number, listed_position, status)
VALUES ('sq-w26-b4', 'p-w26-b4-05', 5, 'LB', 'available');
INSERT OR IGNORE INTO players (id, name, nationality, primary_team_id, club, position, role_tags_json, age)
VALUES ('p-w26-b4-06', 'Alex Petrov', 'CH', 'team-w26-b4', NULL, 'MF', '[]', 30);
INSERT OR IGNORE INTO squad_players (squad_id, player_id, shirt_number, listed_position, status)
VALUES ('sq-w26-b4', 'p-w26-b4-06', 6, 'DM', 'available');
INSERT OR IGNORE INTO players (id, name, nationality, primary_team_id, club, position, role_tags_json, age)
VALUES ('p-w26-b4-07', 'Sam Petrov', 'CH', 'team-w26-b4', NULL, 'MF', '[]', 29);
INSERT OR IGNORE INTO squad_players (squad_id, player_id, shirt_number, listed_position, status)
VALUES ('sq-w26-b4', 'p-w26-b4-07', 7, 'CM', 'available');
INSERT OR IGNORE INTO players (id, name, nationality, primary_team_id, club, position, role_tags_json, age)
VALUES ('p-w26-b4-08', 'Tom Petrov', 'CH', 'team-w26-b4', NULL, 'MF', '[]', 28);
INSERT OR IGNORE INTO squad_players (squad_id, player_id, shirt_number, listed_position, status)
VALUES ('sq-w26-b4', 'p-w26-b4-08', 8, 'CM', 'available');
INSERT OR IGNORE INTO players (id, name, nationality, primary_team_id, club, position, role_tags_json, age)
VALUES ('p-w26-b4-10', 'Marco Benali', 'CH', 'team-w26-b4', NULL, 'MF', '[]', 31);
INSERT OR IGNORE INTO squad_players (squad_id, player_id, shirt_number, listed_position, status)
VALUES ('sq-w26-b4', 'p-w26-b4-10', 10, 'AM', 'available');
INSERT OR IGNORE INTO players (id, name, nationality, primary_team_id, club, position, role_tags_json, age)
VALUES ('p-w26-b4-11', 'Lucas Horváth', 'CH', 'team-w26-b4', NULL, 'FW', '[]', 32);
INSERT OR IGNORE INTO squad_players (squad_id, player_id, shirt_number, listed_position, status)
VALUES ('sq-w26-b4', 'p-w26-b4-11', 11, 'LW', 'available');
INSERT OR IGNORE INTO players (id, name, nationality, primary_team_id, club, position, role_tags_json, age)
VALUES ('p-w26-b4-14', 'Yuki Brown', 'CH', 'team-w26-b4', NULL, 'FW', '[]', 23);
INSERT OR IGNORE INTO squad_players (squad_id, player_id, shirt_number, listed_position, status)
VALUES ('sq-w26-b4', 'p-w26-b4-14', 14, 'RW', 'available');
INSERT OR IGNORE INTO players (id, name, nationality, primary_team_id, club, position, role_tags_json, age)
VALUES ('p-w26-b4-09', 'Luis Petrov', 'CH', 'team-w26-b4', NULL, 'FW', '[]', 27);
INSERT OR IGNORE INTO squad_players (squad_id, player_id, shirt_number, listed_position, status)
VALUES ('sq-w26-b4', 'p-w26-b4-09', 9, 'ST', 'available');
INSERT OR IGNORE INTO players (id, name, nationality, primary_team_id, club, position, role_tags_json, age)
VALUES ('p-w26-b4-12', 'Noah Santos', 'CH', 'team-w26-b4', NULL, 'GK', '[]', 33);
INSERT OR IGNORE INTO squad_players (squad_id, player_id, shirt_number, listed_position, status)
VALUES ('sq-w26-b4', 'p-w26-b4-12', 12, 'GK', 'available');
INSERT OR IGNORE INTO players (id, name, nationality, primary_team_id, club, position, role_tags_json, age)
VALUES ('p-w26-b4-13', 'Omar Costa', 'CH', 'team-w26-b4', NULL, 'DF', '[]', 22);
INSERT OR IGNORE INTO squad_players (squad_id, player_id, shirt_number, listed_position, status)
VALUES ('sq-w26-b4', 'p-w26-b4-13', 13, 'CB', 'available');
INSERT OR IGNORE INTO players (id, name, nationality, primary_team_id, club, position, role_tags_json, age)
VALUES ('p-w26-b4-15', 'Diego Kim', 'CH', 'team-w26-b4', NULL, 'MF', '[]', 24);
INSERT OR IGNORE INTO squad_players (squad_id, player_id, shirt_number, listed_position, status)
VALUES ('sq-w26-b4', 'p-w26-b4-15', 15, 'CM', 'available');
INSERT OR IGNORE INTO players (id, name, nationality, primary_team_id, club, position, role_tags_json, age)
VALUES ('p-w26-b4-16', 'Ivan García', 'CH', 'team-w26-b4', NULL, 'FW', '[]', 25);
INSERT OR IGNORE INTO squad_players (squad_id, player_id, shirt_number, listed_position, status)
VALUES ('sq-w26-b4', 'p-w26-b4-16', 16, 'ST', 'available');

INSERT OR IGNORE INTO squads (id, tournament_id, team_id, source_id, is_official, confidence, announced_at)
VALUES ('sq-w26-c1', 't-2026', 'team-w26-c1', 'src-mock', 1, 0.82, '2026-05-15T12:00:00Z');

INSERT OR IGNORE INTO players (id, name, nationality, primary_team_id, club, position, role_tags_json, age)
VALUES ('p-w26-c1-01', 'Luis Lee', 'HT', 'team-w26-c1', NULL, 'GK', '[]', 31);
INSERT OR IGNORE INTO squad_players (squad_id, player_id, shirt_number, listed_position, status)
VALUES ('sq-w26-c1', 'p-w26-c1-01', 1, 'GK', 'available');
INSERT OR IGNORE INTO players (id, name, nationality, primary_team_id, club, position, role_tags_json, age)
VALUES ('p-w26-c1-02', 'André Lee', 'HT', 'team-w26-c1', NULL, 'DF', '[]', 30);
INSERT OR IGNORE INTO squad_players (squad_id, player_id, shirt_number, listed_position, status)
VALUES ('sq-w26-c1', 'p-w26-c1-02', 2, 'RB', 'available');
INSERT OR IGNORE INTO players (id, name, nationality, primary_team_id, club, position, role_tags_json, age)
VALUES ('p-w26-c1-03', 'Carlos Lee', 'HT', 'team-w26-c1', NULL, 'DF', '[]', 29);
INSERT OR IGNORE INTO squad_players (squad_id, player_id, shirt_number, listed_position, status)
VALUES ('sq-w26-c1', 'p-w26-c1-03', 3, 'CB', 'available');
INSERT OR IGNORE INTO players (id, name, nationality, primary_team_id, club, position, role_tags_json, age)
VALUES ('p-w26-c1-04', 'Erik Lee', 'HT', 'team-w26-c1', NULL, 'DF', '[]', 28);
INSERT OR IGNORE INTO squad_players (squad_id, player_id, shirt_number, listed_position, status)
VALUES ('sq-w26-c1', 'p-w26-c1-04', 4, 'CB', 'available');
INSERT OR IGNORE INTO players (id, name, nationality, primary_team_id, club, position, role_tags_json, age)
VALUES ('p-w26-c1-05', 'Jan Lee', 'HT', 'team-w26-c1', NULL, 'DF', '[]', 27);
INSERT OR IGNORE INTO squad_players (squad_id, player_id, shirt_number, listed_position, status)
VALUES ('sq-w26-c1', 'p-w26-c1-05', 5, 'LB', 'available');
INSERT OR IGNORE INTO players (id, name, nationality, primary_team_id, club, position, role_tags_json, age)
VALUES ('p-w26-c1-06', 'Pierre Lee', 'HT', 'team-w26-c1', NULL, 'MF', '[]', 26);
INSERT OR IGNORE INTO squad_players (squad_id, player_id, shirt_number, listed_position, status)
VALUES ('sq-w26-c1', 'p-w26-c1-06', 6, 'DM', 'available');
INSERT OR IGNORE INTO players (id, name, nationality, primary_team_id, club, position, role_tags_json, age)
VALUES ('p-w26-c1-07', 'Hassan Lee', 'HT', 'team-w26-c1', NULL, 'MF', '[]', 25);
INSERT OR IGNORE INTO squad_players (squad_id, player_id, shirt_number, listed_position, status)
VALUES ('sq-w26-c1', 'p-w26-c1-07', 7, 'CM', 'available');
INSERT OR IGNORE INTO players (id, name, nationality, primary_team_id, club, position, role_tags_json, age)
VALUES ('p-w26-c1-08', 'Sven Lee', 'HT', 'team-w26-c1', NULL, 'MF', '[]', 24);
INSERT OR IGNORE INTO squad_players (squad_id, player_id, shirt_number, listed_position, status)
VALUES ('sq-w26-c1', 'p-w26-c1-08', 8, 'CM', 'available');
INSERT OR IGNORE INTO players (id, name, nationality, primary_team_id, club, position, role_tags_json, age)
VALUES ('p-w26-c1-10', 'Mateo Brown', 'HT', 'team-w26-c1', NULL, 'MF', '[]', 23);
INSERT OR IGNORE INTO squad_players (squad_id, player_id, shirt_number, listed_position, status)
VALUES ('sq-w26-c1', 'p-w26-c1-10', 10, 'AM', 'available');
INSERT OR IGNORE INTO players (id, name, nationality, primary_team_id, club, position, role_tags_json, age)
VALUES ('p-w26-c1-11', 'Sven Kim', 'HT', 'team-w26-c1', NULL, 'FW', '[]', 24);
INSERT OR IGNORE INTO squad_players (squad_id, player_id, shirt_number, listed_position, status)
VALUES ('sq-w26-c1', 'p-w26-c1-11', 11, 'LW', 'available');
INSERT OR IGNORE INTO players (id, name, nationality, primary_team_id, club, position, role_tags_json, age)
VALUES ('p-w26-c1-14', 'Jan Ali', 'HT', 'team-w26-c1', NULL, 'FW', '[]', 27);
INSERT OR IGNORE INTO squad_players (squad_id, player_id, shirt_number, listed_position, status)
VALUES ('sq-w26-c1', 'p-w26-c1-14', 14, 'RW', 'available');
INSERT OR IGNORE INTO players (id, name, nationality, primary_team_id, club, position, role_tags_json, age)
VALUES ('p-w26-c1-09', 'Mateo Lee', 'HT', 'team-w26-c1', NULL, 'FW', '[]', 23);
INSERT OR IGNORE INTO squad_players (squad_id, player_id, shirt_number, listed_position, status)
VALUES ('sq-w26-c1', 'p-w26-c1-09', 9, 'ST', 'available');
INSERT OR IGNORE INTO players (id, name, nationality, primary_team_id, club, position, role_tags_json, age)
VALUES ('p-w26-c1-12', 'Hassan García', 'HT', 'team-w26-c1', NULL, 'GK', '[]', 25);
INSERT OR IGNORE INTO squad_players (squad_id, player_id, shirt_number, listed_position, status)
VALUES ('sq-w26-c1', 'p-w26-c1-12', 12, 'GK', 'available');
INSERT OR IGNORE INTO players (id, name, nationality, primary_team_id, club, position, role_tags_json, age)
VALUES ('p-w26-c1-13', 'Pierre Okonkwo', 'HT', 'team-w26-c1', NULL, 'DF', '[]', 26);
INSERT OR IGNORE INTO squad_players (squad_id, player_id, shirt_number, listed_position, status)
VALUES ('sq-w26-c1', 'p-w26-c1-13', 13, 'CB', 'available');
INSERT OR IGNORE INTO players (id, name, nationality, primary_team_id, club, position, role_tags_json, age)
VALUES ('p-w26-c1-15', 'Erik Rossi', 'HT', 'team-w26-c1', NULL, 'MF', '[]', 28);
INSERT OR IGNORE INTO squad_players (squad_id, player_id, shirt_number, listed_position, status)
VALUES ('sq-w26-c1', 'p-w26-c1-15', 15, 'CM', 'available');
INSERT OR IGNORE INTO players (id, name, nationality, primary_team_id, club, position, role_tags_json, age)
VALUES ('p-w26-c1-16', 'Carlos Benali', 'HT', 'team-w26-c1', NULL, 'FW', '[]', 29);
INSERT OR IGNORE INTO squad_players (squad_id, player_id, shirt_number, listed_position, status)
VALUES ('sq-w26-c1', 'p-w26-c1-16', 16, 'ST', 'available');

INSERT OR IGNORE INTO squads (id, tournament_id, team_id, source_id, is_official, confidence, announced_at)
VALUES ('sq-w26-c2', 't-2026', 'team-w26-c2', 'src-mock', 1, 0.82, '2026-05-15T12:00:00Z');

INSERT OR IGNORE INTO players (id, name, nationality, primary_team_id, club, position, role_tags_json, age)
VALUES ('p-w26-c2-01', 'André Costa', 'GB', 'team-w26-c2', NULL, 'GK', '[]', 30);
INSERT OR IGNORE INTO squad_players (squad_id, player_id, shirt_number, listed_position, status)
VALUES ('sq-w26-c2', 'p-w26-c2-01', 1, 'GK', 'available');
INSERT OR IGNORE INTO players (id, name, nationality, primary_team_id, club, position, role_tags_json, age)
VALUES ('p-w26-c2-02', 'Carlos Costa', 'GB', 'team-w26-c2', NULL, 'DF', '[]', 29);
INSERT OR IGNORE INTO squad_players (squad_id, player_id, shirt_number, listed_position, status)
VALUES ('sq-w26-c2', 'p-w26-c2-02', 2, 'RB', 'available');
INSERT OR IGNORE INTO players (id, name, nationality, primary_team_id, club, position, role_tags_json, age)
VALUES ('p-w26-c2-03', 'Erik Costa', 'GB', 'team-w26-c2', NULL, 'DF', '[]', 28);
INSERT OR IGNORE INTO squad_players (squad_id, player_id, shirt_number, listed_position, status)
VALUES ('sq-w26-c2', 'p-w26-c2-03', 3, 'CB', 'available');
INSERT OR IGNORE INTO players (id, name, nationality, primary_team_id, club, position, role_tags_json, age)
VALUES ('p-w26-c2-04', 'Jan Costa', 'GB', 'team-w26-c2', NULL, 'DF', '[]', 27);
INSERT OR IGNORE INTO squad_players (squad_id, player_id, shirt_number, listed_position, status)
VALUES ('sq-w26-c2', 'p-w26-c2-04', 4, 'CB', 'available');
INSERT OR IGNORE INTO players (id, name, nationality, primary_team_id, club, position, role_tags_json, age)
VALUES ('p-w26-c2-05', 'Pierre Costa', 'GB', 'team-w26-c2', NULL, 'DF', '[]', 26);
INSERT OR IGNORE INTO squad_players (squad_id, player_id, shirt_number, listed_position, status)
VALUES ('sq-w26-c2', 'p-w26-c2-05', 5, 'LB', 'available');
INSERT OR IGNORE INTO players (id, name, nationality, primary_team_id, club, position, role_tags_json, age)
VALUES ('p-w26-c2-06', 'Hassan Costa', 'GB', 'team-w26-c2', NULL, 'MF', '[]', 25);
INSERT OR IGNORE INTO squad_players (squad_id, player_id, shirt_number, listed_position, status)
VALUES ('sq-w26-c2', 'p-w26-c2-06', 6, 'DM', 'available');
INSERT OR IGNORE INTO players (id, name, nationality, primary_team_id, club, position, role_tags_json, age)
VALUES ('p-w26-c2-07', 'Sven Costa', 'GB', 'team-w26-c2', NULL, 'MF', '[]', 24);
INSERT OR IGNORE INTO squad_players (squad_id, player_id, shirt_number, listed_position, status)
VALUES ('sq-w26-c2', 'p-w26-c2-07', 7, 'CM', 'available');
INSERT OR IGNORE INTO players (id, name, nationality, primary_team_id, club, position, role_tags_json, age)
VALUES ('p-w26-c2-08', 'Mateo Costa', 'GB', 'team-w26-c2', NULL, 'MF', '[]', 23);
INSERT OR IGNORE INTO squad_players (squad_id, player_id, shirt_number, listed_position, status)
VALUES ('sq-w26-c2', 'p-w26-c2-08', 8, 'CM', 'available');
INSERT OR IGNORE INTO players (id, name, nationality, primary_team_id, club, position, role_tags_json, age)
VALUES ('p-w26-c2-10', 'Alex Johansson', 'GB', 'team-w26-c2', NULL, 'MF', '[]', 30);
INSERT OR IGNORE INTO squad_players (squad_id, player_id, shirt_number, listed_position, status)
VALUES ('sq-w26-c2', 'p-w26-c2-10', 10, 'AM', 'available');
INSERT OR IGNORE INTO players (id, name, nationality, primary_team_id, club, position, role_tags_json, age)
VALUES ('p-w26-c2-11', 'Marco Dupont', 'GB', 'team-w26-c2', NULL, 'FW', '[]', 31);
INSERT OR IGNORE INTO squad_players (squad_id, player_id, shirt_number, listed_position, status)
VALUES ('sq-w26-c2', 'p-w26-c2-11', 11, 'LW', 'available');
INSERT OR IGNORE INTO players (id, name, nationality, primary_team_id, club, position, role_tags_json, age)
VALUES ('p-w26-c2-14', 'Omar Lee', 'GB', 'team-w26-c2', NULL, 'FW', '[]', 22);
INSERT OR IGNORE INTO squad_players (squad_id, player_id, shirt_number, listed_position, status)
VALUES ('sq-w26-c2', 'p-w26-c2-14', 14, 'RW', 'available');
INSERT OR IGNORE INTO players (id, name, nationality, primary_team_id, club, position, role_tags_json, age)
VALUES ('p-w26-c2-09', 'Kenji Costa', 'GB', 'team-w26-c2', NULL, 'FW', '[]', 22);
INSERT OR IGNORE INTO squad_players (squad_id, player_id, shirt_number, listed_position, status)
VALUES ('sq-w26-c2', 'p-w26-c2-09', 9, 'ST', 'available');
INSERT OR IGNORE INTO players (id, name, nationality, primary_team_id, club, position, role_tags_json, age)
VALUES ('p-w26-c2-12', 'Lucas Nielsen', 'GB', 'team-w26-c2', NULL, 'GK', '[]', 32);
INSERT OR IGNORE INTO squad_players (squad_id, player_id, shirt_number, listed_position, status)
VALUES ('sq-w26-c2', 'p-w26-c2-12', 12, 'GK', 'available');
INSERT OR IGNORE INTO players (id, name, nationality, primary_team_id, club, position, role_tags_json, age)
VALUES ('p-w26-c2-13', 'Noah Weber', 'GB', 'team-w26-c2', NULL, 'DF', '[]', 33);
INSERT OR IGNORE INTO squad_players (squad_id, player_id, shirt_number, listed_position, status)
VALUES ('sq-w26-c2', 'p-w26-c2-13', 13, 'CB', 'available');
INSERT OR IGNORE INTO players (id, name, nationality, primary_team_id, club, position, role_tags_json, age)
VALUES ('p-w26-c2-15', 'Yuki Silva', 'GB', 'team-w26-c2', NULL, 'MF', '[]', 23);
INSERT OR IGNORE INTO squad_players (squad_id, player_id, shirt_number, listed_position, status)
VALUES ('sq-w26-c2', 'p-w26-c2-15', 15, 'CM', 'available');
INSERT OR IGNORE INTO players (id, name, nationality, primary_team_id, club, position, role_tags_json, age)
VALUES ('p-w26-c2-16', 'Diego Novák', 'GB', 'team-w26-c2', NULL, 'FW', '[]', 24);
INSERT OR IGNORE INTO squad_players (squad_id, player_id, shirt_number, listed_position, status)
VALUES ('sq-w26-c2', 'p-w26-c2-16', 16, 'ST', 'available');

INSERT OR IGNORE INTO squads (id, tournament_id, team_id, source_id, is_official, confidence, announced_at)
VALUES ('sq-w26-c3', 't-2026', 'team-w26-c3', 'src-mock', 1, 0.82, '2026-05-15T12:00:00Z');

INSERT OR IGNORE INTO players (id, name, nationality, primary_team_id, club, position, role_tags_json, age)
VALUES ('p-w26-c3-01', 'Carlos Weber', 'BR', 'team-w26-c3', NULL, 'GK', '[]', 29);
INSERT OR IGNORE INTO squad_players (squad_id, player_id, shirt_number, listed_position, status)
VALUES ('sq-w26-c3', 'p-w26-c3-01', 1, 'GK', 'available');
INSERT OR IGNORE INTO players (id, name, nationality, primary_team_id, club, position, role_tags_json, age)
VALUES ('p-w26-c3-02', 'Erik Weber', 'BR', 'team-w26-c3', NULL, 'DF', '[]', 28);
INSERT OR IGNORE INTO squad_players (squad_id, player_id, shirt_number, listed_position, status)
VALUES ('sq-w26-c3', 'p-w26-c3-02', 2, 'RB', 'available');
INSERT OR IGNORE INTO players (id, name, nationality, primary_team_id, club, position, role_tags_json, age)
VALUES ('p-w26-c3-03', 'Jan Weber', 'BR', 'team-w26-c3', NULL, 'DF', '[]', 27);
INSERT OR IGNORE INTO squad_players (squad_id, player_id, shirt_number, listed_position, status)
VALUES ('sq-w26-c3', 'p-w26-c3-03', 3, 'CB', 'available');
INSERT OR IGNORE INTO players (id, name, nationality, primary_team_id, club, position, role_tags_json, age)
VALUES ('p-w26-c3-04', 'Pierre Weber', 'BR', 'team-w26-c3', NULL, 'DF', '[]', 26);
INSERT OR IGNORE INTO squad_players (squad_id, player_id, shirt_number, listed_position, status)
VALUES ('sq-w26-c3', 'p-w26-c3-04', 4, 'CB', 'available');
INSERT OR IGNORE INTO players (id, name, nationality, primary_team_id, club, position, role_tags_json, age)
VALUES ('p-w26-c3-05', 'Hassan Weber', 'BR', 'team-w26-c3', NULL, 'DF', '[]', 25);
INSERT OR IGNORE INTO squad_players (squad_id, player_id, shirt_number, listed_position, status)
VALUES ('sq-w26-c3', 'p-w26-c3-05', 5, 'LB', 'available');
INSERT OR IGNORE INTO players (id, name, nationality, primary_team_id, club, position, role_tags_json, age)
VALUES ('p-w26-c3-06', 'Sven Weber', 'BR', 'team-w26-c3', NULL, 'MF', '[]', 24);
INSERT OR IGNORE INTO squad_players (squad_id, player_id, shirt_number, listed_position, status)
VALUES ('sq-w26-c3', 'p-w26-c3-06', 6, 'DM', 'available');
INSERT OR IGNORE INTO players (id, name, nationality, primary_team_id, club, position, role_tags_json, age)
VALUES ('p-w26-c3-07', 'Mateo Weber', 'BR', 'team-w26-c3', NULL, 'MF', '[]', 23);
INSERT OR IGNORE INTO squad_players (squad_id, player_id, shirt_number, listed_position, status)
VALUES ('sq-w26-c3', 'p-w26-c3-07', 7, 'CM', 'available');
INSERT OR IGNORE INTO players (id, name, nationality, primary_team_id, club, position, role_tags_json, age)
VALUES ('p-w26-c3-08', 'Kenji Weber', 'BR', 'team-w26-c3', NULL, 'MF', '[]', 22);
INSERT OR IGNORE INTO squad_players (squad_id, player_id, shirt_number, listed_position, status)
VALUES ('sq-w26-c3', 'p-w26-c3-08', 8, 'CM', 'available');
INSERT OR IGNORE INTO players (id, name, nationality, primary_team_id, club, position, role_tags_json, age)
VALUES ('p-w26-c3-10', 'Hassan Kim', 'BR', 'team-w26-c3', NULL, 'MF', '[]', 25);
INSERT OR IGNORE INTO squad_players (squad_id, player_id, shirt_number, listed_position, status)
VALUES ('sq-w26-c3', 'p-w26-c3-10', 10, 'AM', 'available');
INSERT OR IGNORE INTO players (id, name, nationality, primary_team_id, club, position, role_tags_json, age)
VALUES ('p-w26-c3-11', 'Pierre García', 'BR', 'team-w26-c3', NULL, 'FW', '[]', 26);
INSERT OR IGNORE INTO squad_players (squad_id, player_id, shirt_number, listed_position, status)
VALUES ('sq-w26-c3', 'p-w26-c3-11', 11, 'LW', 'available');
INSERT OR IGNORE INTO players (id, name, nationality, primary_team_id, club, position, role_tags_json, age)
VALUES ('p-w26-c3-14', 'Carlos Rossi', 'BR', 'team-w26-c3', NULL, 'FW', '[]', 29);
INSERT OR IGNORE INTO squad_players (squad_id, player_id, shirt_number, listed_position, status)
VALUES ('sq-w26-c3', 'p-w26-c3-14', 14, 'RW', 'available');
INSERT OR IGNORE INTO players (id, name, nationality, primary_team_id, club, position, role_tags_json, age)
VALUES ('p-w26-c3-09', 'Ivan Weber', 'BR', 'team-w26-c3', NULL, 'FW', '[]', 33);
INSERT OR IGNORE INTO squad_players (squad_id, player_id, shirt_number, listed_position, status)
VALUES ('sq-w26-c3', 'p-w26-c3-09', 9, 'ST', 'available');
INSERT OR IGNORE INTO players (id, name, nationality, primary_team_id, club, position, role_tags_json, age)
VALUES ('p-w26-c3-12', 'Jan Okonkwo', 'BR', 'team-w26-c3', NULL, 'GK', '[]', 27);
INSERT OR IGNORE INTO squad_players (squad_id, player_id, shirt_number, listed_position, status)
VALUES ('sq-w26-c3', 'p-w26-c3-12', 12, 'GK', 'available');
INSERT OR IGNORE INTO players (id, name, nationality, primary_team_id, club, position, role_tags_json, age)
VALUES ('p-w26-c3-13', 'Erik Ali', 'BR', 'team-w26-c3', NULL, 'DF', '[]', 28);
INSERT OR IGNORE INTO squad_players (squad_id, player_id, shirt_number, listed_position, status)
VALUES ('sq-w26-c3', 'p-w26-c3-13', 13, 'CB', 'available');
INSERT OR IGNORE INTO players (id, name, nationality, primary_team_id, club, position, role_tags_json, age)
VALUES ('p-w26-c3-15', 'André Benali', 'BR', 'team-w26-c3', NULL, 'MF', '[]', 30);
INSERT OR IGNORE INTO squad_players (squad_id, player_id, shirt_number, listed_position, status)
VALUES ('sq-w26-c3', 'p-w26-c3-15', 15, 'CM', 'available');
INSERT OR IGNORE INTO players (id, name, nationality, primary_team_id, club, position, role_tags_json, age)
VALUES ('p-w26-c3-16', 'Luis Horváth', 'BR', 'team-w26-c3', NULL, 'FW', '[]', 31);
INSERT OR IGNORE INTO squad_players (squad_id, player_id, shirt_number, listed_position, status)
VALUES ('sq-w26-c3', 'p-w26-c3-16', 16, 'ST', 'available');

INSERT OR IGNORE INTO squads (id, tournament_id, team_id, source_id, is_official, confidence, announced_at)
VALUES ('sq-w26-c4', 't-2026', 'team-w26-c4', 'src-mock', 1, 0.82, '2026-05-15T12:00:00Z');

INSERT OR IGNORE INTO players (id, name, nationality, primary_team_id, club, position, role_tags_json, age)
VALUES ('p-w26-c4-01', 'Erik Santos', 'MA', 'team-w26-c4', NULL, 'GK', '[]', 28);
INSERT OR IGNORE INTO squad_players (squad_id, player_id, shirt_number, listed_position, status)
VALUES ('sq-w26-c4', 'p-w26-c4-01', 1, 'GK', 'available');
INSERT OR IGNORE INTO players (id, name, nationality, primary_team_id, club, position, role_tags_json, age)
VALUES ('p-w26-c4-02', 'Jan Santos', 'MA', 'team-w26-c4', NULL, 'DF', '[]', 27);
INSERT OR IGNORE INTO squad_players (squad_id, player_id, shirt_number, listed_position, status)
VALUES ('sq-w26-c4', 'p-w26-c4-02', 2, 'RB', 'available');
INSERT OR IGNORE INTO players (id, name, nationality, primary_team_id, club, position, role_tags_json, age)
VALUES ('p-w26-c4-03', 'Pierre Santos', 'MA', 'team-w26-c4', NULL, 'DF', '[]', 26);
INSERT OR IGNORE INTO squad_players (squad_id, player_id, shirt_number, listed_position, status)
VALUES ('sq-w26-c4', 'p-w26-c4-03', 3, 'CB', 'available');
INSERT OR IGNORE INTO players (id, name, nationality, primary_team_id, club, position, role_tags_json, age)
VALUES ('p-w26-c4-04', 'Hassan Santos', 'MA', 'team-w26-c4', NULL, 'DF', '[]', 25);
INSERT OR IGNORE INTO squad_players (squad_id, player_id, shirt_number, listed_position, status)
VALUES ('sq-w26-c4', 'p-w26-c4-04', 4, 'CB', 'available');
INSERT OR IGNORE INTO players (id, name, nationality, primary_team_id, club, position, role_tags_json, age)
VALUES ('p-w26-c4-05', 'Sven Santos', 'MA', 'team-w26-c4', NULL, 'DF', '[]', 24);
INSERT OR IGNORE INTO squad_players (squad_id, player_id, shirt_number, listed_position, status)
VALUES ('sq-w26-c4', 'p-w26-c4-05', 5, 'LB', 'available');
INSERT OR IGNORE INTO players (id, name, nationality, primary_team_id, club, position, role_tags_json, age)
VALUES ('p-w26-c4-06', 'Mateo Santos', 'MA', 'team-w26-c4', NULL, 'MF', '[]', 23);
INSERT OR IGNORE INTO squad_players (squad_id, player_id, shirt_number, listed_position, status)
VALUES ('sq-w26-c4', 'p-w26-c4-06', 6, 'DM', 'available');
INSERT OR IGNORE INTO players (id, name, nationality, primary_team_id, club, position, role_tags_json, age)
VALUES ('p-w26-c4-07', 'Kenji Santos', 'MA', 'team-w26-c4', NULL, 'MF', '[]', 22);
INSERT OR IGNORE INTO squad_players (squad_id, player_id, shirt_number, listed_position, status)
VALUES ('sq-w26-c4', 'p-w26-c4-07', 7, 'CM', 'available');
INSERT OR IGNORE INTO players (id, name, nationality, primary_team_id, club, position, role_tags_json, age)
VALUES ('p-w26-c4-08', 'Ivan Santos', 'MA', 'team-w26-c4', NULL, 'MF', '[]', 33);
INSERT OR IGNORE INTO squad_players (squad_id, player_id, shirt_number, listed_position, status)
VALUES ('sq-w26-c4', 'p-w26-c4-08', 8, 'CM', 'available');
INSERT OR IGNORE INTO players (id, name, nationality, primary_team_id, club, position, role_tags_json, age)
VALUES ('p-w26-c4-10', 'Lucas Dupont', 'MA', 'team-w26-c4', NULL, 'MF', '[]', 32);
INSERT OR IGNORE INTO squad_players (squad_id, player_id, shirt_number, listed_position, status)
VALUES ('sq-w26-c4', 'p-w26-c4-10', 10, 'AM', 'available');
INSERT OR IGNORE INTO players (id, name, nationality, primary_team_id, club, position, role_tags_json, age)
VALUES ('p-w26-c4-11', 'Noah Nielsen', 'MA', 'team-w26-c4', NULL, 'FW', '[]', 33);
INSERT OR IGNORE INTO squad_players (squad_id, player_id, shirt_number, listed_position, status)
VALUES ('sq-w26-c4', 'p-w26-c4-11', 11, 'LW', 'available');
INSERT OR IGNORE INTO players (id, name, nationality, primary_team_id, club, position, role_tags_json, age)
VALUES ('p-w26-c4-14', 'Diego Silva', 'MA', 'team-w26-c4', NULL, 'FW', '[]', 24);
INSERT OR IGNORE INTO squad_players (squad_id, player_id, shirt_number, listed_position, status)
VALUES ('sq-w26-c4', 'p-w26-c4-14', 14, 'RW', 'available');
INSERT OR IGNORE INTO players (id, name, nationality, primary_team_id, club, position, role_tags_json, age)
VALUES ('p-w26-c4-09', 'Diego Santos', 'MA', 'team-w26-c4', NULL, 'FW', '[]', 32);
INSERT OR IGNORE INTO squad_players (squad_id, player_id, shirt_number, listed_position, status)
VALUES ('sq-w26-c4', 'p-w26-c4-09', 9, 'ST', 'available');
INSERT OR IGNORE INTO players (id, name, nationality, primary_team_id, club, position, role_tags_json, age)
VALUES ('p-w26-c4-12', 'Omar Weber', 'MA', 'team-w26-c4', NULL, 'GK', '[]', 22);
INSERT OR IGNORE INTO squad_players (squad_id, player_id, shirt_number, listed_position, status)
VALUES ('sq-w26-c4', 'p-w26-c4-12', 12, 'GK', 'available');
INSERT OR IGNORE INTO players (id, name, nationality, primary_team_id, club, position, role_tags_json, age)
VALUES ('p-w26-c4-13', 'Yuki Lee', 'MA', 'team-w26-c4', NULL, 'DF', '[]', 23);
INSERT OR IGNORE INTO squad_players (squad_id, player_id, shirt_number, listed_position, status)
VALUES ('sq-w26-c4', 'p-w26-c4-13', 13, 'CB', 'available');
INSERT OR IGNORE INTO players (id, name, nationality, primary_team_id, club, position, role_tags_json, age)
VALUES ('p-w26-c4-15', 'Ivan Novák', 'MA', 'team-w26-c4', NULL, 'MF', '[]', 25);
INSERT OR IGNORE INTO squad_players (squad_id, player_id, shirt_number, listed_position, status)
VALUES ('sq-w26-c4', 'p-w26-c4-15', 15, 'CM', 'available');
INSERT OR IGNORE INTO players (id, name, nationality, primary_team_id, club, position, role_tags_json, age)
VALUES ('p-w26-c4-16', 'Kenji Müller', 'MA', 'team-w26-c4', NULL, 'FW', '[]', 26);
INSERT OR IGNORE INTO squad_players (squad_id, player_id, shirt_number, listed_position, status)
VALUES ('sq-w26-c4', 'p-w26-c4-16', 16, 'ST', 'available');

INSERT OR IGNORE INTO squads (id, tournament_id, team_id, source_id, is_official, confidence, announced_at)
VALUES ('sq-w26-d1', 't-2026', 'team-w26-d1', 'src-mock', 1, 0.82, '2026-05-15T12:00:00Z');

INSERT OR IGNORE INTO players (id, name, nationality, primary_team_id, club, position, role_tags_json, age)
VALUES ('p-w26-d1-01', 'Diego Ali', 'US', 'team-w26-d1', NULL, 'GK', '[]', 24);
INSERT OR IGNORE INTO squad_players (squad_id, player_id, shirt_number, listed_position, status)
VALUES ('sq-w26-d1', 'p-w26-d1-01', 1, 'GK', 'available');
INSERT OR IGNORE INTO players (id, name, nationality, primary_team_id, club, position, role_tags_json, age)
VALUES ('p-w26-d1-02', 'Yuki Ali', 'US', 'team-w26-d1', NULL, 'DF', '[]', 23);
INSERT OR IGNORE INTO squad_players (squad_id, player_id, shirt_number, listed_position, status)
VALUES ('sq-w26-d1', 'p-w26-d1-02', 2, 'RB', 'available');
INSERT OR IGNORE INTO players (id, name, nationality, primary_team_id, club, position, role_tags_json, age)
VALUES ('p-w26-d1-03', 'Omar Ali', 'US', 'team-w26-d1', NULL, 'DF', '[]', 22);
INSERT OR IGNORE INTO squad_players (squad_id, player_id, shirt_number, listed_position, status)
VALUES ('sq-w26-d1', 'p-w26-d1-03', 3, 'CB', 'available');
INSERT OR IGNORE INTO players (id, name, nationality, primary_team_id, club, position, role_tags_json, age)
VALUES ('p-w26-d1-04', 'Noah Ali', 'US', 'team-w26-d1', NULL, 'DF', '[]', 33);
INSERT OR IGNORE INTO squad_players (squad_id, player_id, shirt_number, listed_position, status)
VALUES ('sq-w26-d1', 'p-w26-d1-04', 4, 'CB', 'available');
INSERT OR IGNORE INTO players (id, name, nationality, primary_team_id, club, position, role_tags_json, age)
VALUES ('p-w26-d1-05', 'Lucas Ali', 'US', 'team-w26-d1', NULL, 'DF', '[]', 32);
INSERT OR IGNORE INTO squad_players (squad_id, player_id, shirt_number, listed_position, status)
VALUES ('sq-w26-d1', 'p-w26-d1-05', 5, 'LB', 'available');
INSERT OR IGNORE INTO players (id, name, nationality, primary_team_id, club, position, role_tags_json, age)
VALUES ('p-w26-d1-06', 'Marco Ali', 'US', 'team-w26-d1', NULL, 'MF', '[]', 31);
INSERT OR IGNORE INTO squad_players (squad_id, player_id, shirt_number, listed_position, status)
VALUES ('sq-w26-d1', 'p-w26-d1-06', 6, 'DM', 'available');
INSERT OR IGNORE INTO players (id, name, nationality, primary_team_id, club, position, role_tags_json, age)
VALUES ('p-w26-d1-07', 'Alex Ali', 'US', 'team-w26-d1', NULL, 'MF', '[]', 30);
INSERT OR IGNORE INTO squad_players (squad_id, player_id, shirt_number, listed_position, status)
VALUES ('sq-w26-d1', 'p-w26-d1-07', 7, 'CM', 'available');
INSERT OR IGNORE INTO players (id, name, nationality, primary_team_id, club, position, role_tags_json, age)
VALUES ('p-w26-d1-08', 'Sam Ali', 'US', 'team-w26-d1', NULL, 'MF', '[]', 29);
INSERT OR IGNORE INTO squad_players (squad_id, player_id, shirt_number, listed_position, status)
VALUES ('sq-w26-d1', 'p-w26-d1-08', 8, 'CM', 'available');
INSERT OR IGNORE INTO players (id, name, nationality, primary_team_id, club, position, role_tags_json, age)
VALUES ('p-w26-d1-10', 'Sven Silva', 'US', 'team-w26-d1', NULL, 'MF', '[]', 24);
INSERT OR IGNORE INTO squad_players (squad_id, player_id, shirt_number, listed_position, status)
VALUES ('sq-w26-d1', 'p-w26-d1-10', 10, 'AM', 'available');
INSERT OR IGNORE INTO players (id, name, nationality, primary_team_id, club, position, role_tags_json, age)
VALUES ('p-w26-d1-11', 'Hassan Novák', 'US', 'team-w26-d1', NULL, 'FW', '[]', 25);
INSERT OR IGNORE INTO squad_players (squad_id, player_id, shirt_number, listed_position, status)
VALUES ('sq-w26-d1', 'p-w26-d1-11', 11, 'LW', 'available');
INSERT OR IGNORE INTO players (id, name, nationality, primary_team_id, club, position, role_tags_json, age)
VALUES ('p-w26-d1-14', 'Erik Tanaka', 'US', 'team-w26-d1', NULL, 'FW', '[]', 28);
INSERT OR IGNORE INTO squad_players (squad_id, player_id, shirt_number, listed_position, status)
VALUES ('sq-w26-d1', 'p-w26-d1-14', 14, 'RW', 'available');
INSERT OR IGNORE INTO players (id, name, nationality, primary_team_id, club, position, role_tags_json, age)
VALUES ('p-w26-d1-09', 'Tom Ali', 'US', 'team-w26-d1', NULL, 'FW', '[]', 28);
INSERT OR IGNORE INTO squad_players (squad_id, player_id, shirt_number, listed_position, status)
VALUES ('sq-w26-d1', 'p-w26-d1-09', 9, 'ST', 'available');
INSERT OR IGNORE INTO players (id, name, nationality, primary_team_id, club, position, role_tags_json, age)
VALUES ('p-w26-d1-12', 'Pierre Müller', 'US', 'team-w26-d1', NULL, 'GK', '[]', 26);
INSERT OR IGNORE INTO squad_players (squad_id, player_id, shirt_number, listed_position, status)
VALUES ('sq-w26-d1', 'p-w26-d1-12', 12, 'GK', 'available');
INSERT OR IGNORE INTO players (id, name, nationality, primary_team_id, club, position, role_tags_json, age)
VALUES ('p-w26-d1-13', 'Jan Petrov', 'US', 'team-w26-d1', NULL, 'DF', '[]', 27);
INSERT OR IGNORE INTO squad_players (squad_id, player_id, shirt_number, listed_position, status)
VALUES ('sq-w26-d1', 'p-w26-d1-13', 13, 'CB', 'available');
INSERT OR IGNORE INTO players (id, name, nationality, primary_team_id, club, position, role_tags_json, age)
VALUES ('p-w26-d1-15', 'Carlos Johansson', 'US', 'team-w26-d1', NULL, 'MF', '[]', 29);
INSERT OR IGNORE INTO squad_players (squad_id, player_id, shirt_number, listed_position, status)
VALUES ('sq-w26-d1', 'p-w26-d1-15', 15, 'CM', 'available');
INSERT OR IGNORE INTO players (id, name, nationality, primary_team_id, club, position, role_tags_json, age)
VALUES ('p-w26-d1-16', 'André Dupont', 'US', 'team-w26-d1', NULL, 'FW', '[]', 30);
INSERT OR IGNORE INTO squad_players (squad_id, player_id, shirt_number, listed_position, status)
VALUES ('sq-w26-d1', 'p-w26-d1-16', 16, 'ST', 'available');

INSERT OR IGNORE INTO squads (id, tournament_id, team_id, source_id, is_official, confidence, announced_at)
VALUES ('sq-w26-d2', 't-2026', 'team-w26-d2', 'src-mock', 1, 0.82, '2026-05-15T12:00:00Z');

INSERT OR IGNORE INTO players (id, name, nationality, primary_team_id, club, position, role_tags_json, age)
VALUES ('p-w26-d2-01', 'Yuki Petrov', 'PY', 'team-w26-d2', NULL, 'GK', '[]', 23);
INSERT OR IGNORE INTO squad_players (squad_id, player_id, shirt_number, listed_position, status)
VALUES ('sq-w26-d2', 'p-w26-d2-01', 1, 'GK', 'available');
INSERT OR IGNORE INTO players (id, name, nationality, primary_team_id, club, position, role_tags_json, age)
VALUES ('p-w26-d2-02', 'Omar Petrov', 'PY', 'team-w26-d2', NULL, 'DF', '[]', 22);
INSERT OR IGNORE INTO squad_players (squad_id, player_id, shirt_number, listed_position, status)
VALUES ('sq-w26-d2', 'p-w26-d2-02', 2, 'RB', 'available');
INSERT OR IGNORE INTO players (id, name, nationality, primary_team_id, club, position, role_tags_json, age)
VALUES ('p-w26-d2-03', 'Noah Petrov', 'PY', 'team-w26-d2', NULL, 'DF', '[]', 33);
INSERT OR IGNORE INTO squad_players (squad_id, player_id, shirt_number, listed_position, status)
VALUES ('sq-w26-d2', 'p-w26-d2-03', 3, 'CB', 'available');
INSERT OR IGNORE INTO players (id, name, nationality, primary_team_id, club, position, role_tags_json, age)
VALUES ('p-w26-d2-04', 'Lucas Petrov', 'PY', 'team-w26-d2', NULL, 'DF', '[]', 32);
INSERT OR IGNORE INTO squad_players (squad_id, player_id, shirt_number, listed_position, status)
VALUES ('sq-w26-d2', 'p-w26-d2-04', 4, 'CB', 'available');
INSERT OR IGNORE INTO players (id, name, nationality, primary_team_id, club, position, role_tags_json, age)
VALUES ('p-w26-d2-05', 'Marco Petrov', 'PY', 'team-w26-d2', NULL, 'DF', '[]', 31);
INSERT OR IGNORE INTO squad_players (squad_id, player_id, shirt_number, listed_position, status)
VALUES ('sq-w26-d2', 'p-w26-d2-05', 5, 'LB', 'available');
INSERT OR IGNORE INTO players (id, name, nationality, primary_team_id, club, position, role_tags_json, age)
VALUES ('p-w26-d2-06', 'Alex Petrov', 'PY', 'team-w26-d2', NULL, 'MF', '[]', 30);
INSERT OR IGNORE INTO squad_players (squad_id, player_id, shirt_number, listed_position, status)
VALUES ('sq-w26-d2', 'p-w26-d2-06', 6, 'DM', 'available');
INSERT OR IGNORE INTO players (id, name, nationality, primary_team_id, club, position, role_tags_json, age)
VALUES ('p-w26-d2-07', 'Sam Petrov', 'PY', 'team-w26-d2', NULL, 'MF', '[]', 29);
INSERT OR IGNORE INTO squad_players (squad_id, player_id, shirt_number, listed_position, status)
VALUES ('sq-w26-d2', 'p-w26-d2-07', 7, 'CM', 'available');
INSERT OR IGNORE INTO players (id, name, nationality, primary_team_id, club, position, role_tags_json, age)
VALUES ('p-w26-d2-08', 'Tom Petrov', 'PY', 'team-w26-d2', NULL, 'MF', '[]', 28);
INSERT OR IGNORE INTO squad_players (squad_id, player_id, shirt_number, listed_position, status)
VALUES ('sq-w26-d2', 'p-w26-d2-08', 8, 'CM', 'available');
INSERT OR IGNORE INTO players (id, name, nationality, primary_team_id, club, position, role_tags_json, age)
VALUES ('p-w26-d2-10', 'Marco Benali', 'PY', 'team-w26-d2', NULL, 'MF', '[]', 31);
INSERT OR IGNORE INTO squad_players (squad_id, player_id, shirt_number, listed_position, status)
VALUES ('sq-w26-d2', 'p-w26-d2-10', 10, 'AM', 'available');
INSERT OR IGNORE INTO players (id, name, nationality, primary_team_id, club, position, role_tags_json, age)
VALUES ('p-w26-d2-11', 'Lucas Horváth', 'PY', 'team-w26-d2', NULL, 'FW', '[]', 32);
INSERT OR IGNORE INTO squad_players (squad_id, player_id, shirt_number, listed_position, status)
VALUES ('sq-w26-d2', 'p-w26-d2-11', 11, 'LW', 'available');
INSERT OR IGNORE INTO players (id, name, nationality, primary_team_id, club, position, role_tags_json, age)
VALUES ('p-w26-d2-14', 'Yuki Brown', 'PY', 'team-w26-d2', NULL, 'FW', '[]', 23);
INSERT OR IGNORE INTO squad_players (squad_id, player_id, shirt_number, listed_position, status)
VALUES ('sq-w26-d2', 'p-w26-d2-14', 14, 'RW', 'available');
INSERT OR IGNORE INTO players (id, name, nationality, primary_team_id, club, position, role_tags_json, age)
VALUES ('p-w26-d2-09', 'Luis Petrov', 'PY', 'team-w26-d2', NULL, 'FW', '[]', 27);
INSERT OR IGNORE INTO squad_players (squad_id, player_id, shirt_number, listed_position, status)
VALUES ('sq-w26-d2', 'p-w26-d2-09', 9, 'ST', 'available');
INSERT OR IGNORE INTO players (id, name, nationality, primary_team_id, club, position, role_tags_json, age)
VALUES ('p-w26-d2-12', 'Noah Santos', 'PY', 'team-w26-d2', NULL, 'GK', '[]', 33);
INSERT OR IGNORE INTO squad_players (squad_id, player_id, shirt_number, listed_position, status)
VALUES ('sq-w26-d2', 'p-w26-d2-12', 12, 'GK', 'available');
INSERT OR IGNORE INTO players (id, name, nationality, primary_team_id, club, position, role_tags_json, age)
VALUES ('p-w26-d2-13', 'Omar Costa', 'PY', 'team-w26-d2', NULL, 'DF', '[]', 22);
INSERT OR IGNORE INTO squad_players (squad_id, player_id, shirt_number, listed_position, status)
VALUES ('sq-w26-d2', 'p-w26-d2-13', 13, 'CB', 'available');
INSERT OR IGNORE INTO players (id, name, nationality, primary_team_id, club, position, role_tags_json, age)
VALUES ('p-w26-d2-15', 'Diego Kim', 'PY', 'team-w26-d2', NULL, 'MF', '[]', 24);
INSERT OR IGNORE INTO squad_players (squad_id, player_id, shirt_number, listed_position, status)
VALUES ('sq-w26-d2', 'p-w26-d2-15', 15, 'CM', 'available');
INSERT OR IGNORE INTO players (id, name, nationality, primary_team_id, club, position, role_tags_json, age)
VALUES ('p-w26-d2-16', 'Ivan García', 'PY', 'team-w26-d2', NULL, 'FW', '[]', 25);
INSERT OR IGNORE INTO squad_players (squad_id, player_id, shirt_number, listed_position, status)
VALUES ('sq-w26-d2', 'p-w26-d2-16', 16, 'ST', 'available');

INSERT OR IGNORE INTO squads (id, tournament_id, team_id, source_id, is_official, confidence, announced_at)
VALUES ('sq-w26-d3', 't-2026', 'team-w26-d3', 'src-mock', 1, 0.82, '2026-05-15T12:00:00Z');

INSERT OR IGNORE INTO players (id, name, nationality, primary_team_id, club, position, role_tags_json, age)
VALUES ('p-w26-d3-01', 'Omar Okonkwo', 'AU', 'team-w26-d3', NULL, 'GK', '[]', 22);
INSERT OR IGNORE INTO squad_players (squad_id, player_id, shirt_number, listed_position, status)
VALUES ('sq-w26-d3', 'p-w26-d3-01', 1, 'GK', 'available');
INSERT OR IGNORE INTO players (id, name, nationality, primary_team_id, club, position, role_tags_json, age)
VALUES ('p-w26-d3-02', 'Noah Okonkwo', 'AU', 'team-w26-d3', NULL, 'DF', '[]', 33);
INSERT OR IGNORE INTO squad_players (squad_id, player_id, shirt_number, listed_position, status)
VALUES ('sq-w26-d3', 'p-w26-d3-02', 2, 'RB', 'available');
INSERT OR IGNORE INTO players (id, name, nationality, primary_team_id, club, position, role_tags_json, age)
VALUES ('p-w26-d3-03', 'Lucas Okonkwo', 'AU', 'team-w26-d3', NULL, 'DF', '[]', 32);
INSERT OR IGNORE INTO squad_players (squad_id, player_id, shirt_number, listed_position, status)
VALUES ('sq-w26-d3', 'p-w26-d3-03', 3, 'CB', 'available');
INSERT OR IGNORE INTO players (id, name, nationality, primary_team_id, club, position, role_tags_json, age)
VALUES ('p-w26-d3-04', 'Marco Okonkwo', 'AU', 'team-w26-d3', NULL, 'DF', '[]', 31);
INSERT OR IGNORE INTO squad_players (squad_id, player_id, shirt_number, listed_position, status)
VALUES ('sq-w26-d3', 'p-w26-d3-04', 4, 'CB', 'available');
INSERT OR IGNORE INTO players (id, name, nationality, primary_team_id, club, position, role_tags_json, age)
VALUES ('p-w26-d3-05', 'Alex Okonkwo', 'AU', 'team-w26-d3', NULL, 'DF', '[]', 30);
INSERT OR IGNORE INTO squad_players (squad_id, player_id, shirt_number, listed_position, status)
VALUES ('sq-w26-d3', 'p-w26-d3-05', 5, 'LB', 'available');
INSERT OR IGNORE INTO players (id, name, nationality, primary_team_id, club, position, role_tags_json, age)
VALUES ('p-w26-d3-06', 'Sam Okonkwo', 'AU', 'team-w26-d3', NULL, 'MF', '[]', 29);
INSERT OR IGNORE INTO squad_players (squad_id, player_id, shirt_number, listed_position, status)
VALUES ('sq-w26-d3', 'p-w26-d3-06', 6, 'DM', 'available');
INSERT OR IGNORE INTO players (id, name, nationality, primary_team_id, club, position, role_tags_json, age)
VALUES ('p-w26-d3-07', 'Tom Okonkwo', 'AU', 'team-w26-d3', NULL, 'MF', '[]', 28);
INSERT OR IGNORE INTO squad_players (squad_id, player_id, shirt_number, listed_position, status)
VALUES ('sq-w26-d3', 'p-w26-d3-07', 7, 'CM', 'available');
INSERT OR IGNORE INTO players (id, name, nationality, primary_team_id, club, position, role_tags_json, age)
VALUES ('p-w26-d3-08', 'Luis Okonkwo', 'AU', 'team-w26-d3', NULL, 'MF', '[]', 27);
INSERT OR IGNORE INTO squad_players (squad_id, player_id, shirt_number, listed_position, status)
VALUES ('sq-w26-d3', 'p-w26-d3-08', 8, 'CM', 'available');
INSERT OR IGNORE INTO players (id, name, nationality, primary_team_id, club, position, role_tags_json, age)
VALUES ('p-w26-d3-10', 'Pierre Novák', 'AU', 'team-w26-d3', NULL, 'MF', '[]', 26);
INSERT OR IGNORE INTO squad_players (squad_id, player_id, shirt_number, listed_position, status)
VALUES ('sq-w26-d3', 'p-w26-d3-10', 10, 'AM', 'available');
INSERT OR IGNORE INTO players (id, name, nationality, primary_team_id, club, position, role_tags_json, age)
VALUES ('p-w26-d3-11', 'Jan Müller', 'AU', 'team-w26-d3', NULL, 'FW', '[]', 27);
INSERT OR IGNORE INTO squad_players (squad_id, player_id, shirt_number, listed_position, status)
VALUES ('sq-w26-d3', 'p-w26-d3-11', 11, 'LW', 'available');
INSERT OR IGNORE INTO players (id, name, nationality, primary_team_id, club, position, role_tags_json, age)
VALUES ('p-w26-d3-14', 'André Johansson', 'AU', 'team-w26-d3', NULL, 'FW', '[]', 30);
INSERT OR IGNORE INTO squad_players (squad_id, player_id, shirt_number, listed_position, status)
VALUES ('sq-w26-d3', 'p-w26-d3-14', 14, 'RW', 'available');
INSERT OR IGNORE INTO players (id, name, nationality, primary_team_id, club, position, role_tags_json, age)
VALUES ('p-w26-d3-09', 'André Okonkwo', 'AU', 'team-w26-d3', NULL, 'FW', '[]', 26);
INSERT OR IGNORE INTO squad_players (squad_id, player_id, shirt_number, listed_position, status)
VALUES ('sq-w26-d3', 'p-w26-d3-09', 9, 'ST', 'available');
INSERT OR IGNORE INTO players (id, name, nationality, primary_team_id, club, position, role_tags_json, age)
VALUES ('p-w26-d3-12', 'Erik Petrov', 'AU', 'team-w26-d3', NULL, 'GK', '[]', 28);
INSERT OR IGNORE INTO squad_players (squad_id, player_id, shirt_number, listed_position, status)
VALUES ('sq-w26-d3', 'p-w26-d3-12', 12, 'GK', 'available');
INSERT OR IGNORE INTO players (id, name, nationality, primary_team_id, club, position, role_tags_json, age)
VALUES ('p-w26-d3-13', 'Carlos Tanaka', 'AU', 'team-w26-d3', NULL, 'DF', '[]', 29);
INSERT OR IGNORE INTO squad_players (squad_id, player_id, shirt_number, listed_position, status)
VALUES ('sq-w26-d3', 'p-w26-d3-13', 13, 'CB', 'available');
INSERT OR IGNORE INTO players (id, name, nationality, primary_team_id, club, position, role_tags_json, age)
VALUES ('p-w26-d3-15', 'Luis Dupont', 'AU', 'team-w26-d3', NULL, 'MF', '[]', 31);
INSERT OR IGNORE INTO squad_players (squad_id, player_id, shirt_number, listed_position, status)
VALUES ('sq-w26-d3', 'p-w26-d3-15', 15, 'CM', 'available');
INSERT OR IGNORE INTO players (id, name, nationality, primary_team_id, club, position, role_tags_json, age)
VALUES ('p-w26-d3-16', 'Tom Nielsen', 'AU', 'team-w26-d3', NULL, 'FW', '[]', 32);
INSERT OR IGNORE INTO squad_players (squad_id, player_id, shirt_number, listed_position, status)
VALUES ('sq-w26-d3', 'p-w26-d3-16', 16, 'ST', 'available');

INSERT OR IGNORE INTO squads (id, tournament_id, team_id, source_id, is_official, confidence, announced_at)
VALUES ('sq-w26-d4', 't-2026', 'team-w26-d4', 'src-mock', 1, 0.82, '2026-05-15T12:00:00Z');

INSERT OR IGNORE INTO players (id, name, nationality, primary_team_id, club, position, role_tags_json, age)
VALUES ('p-w26-d4-01', 'Noah Müller', 'TR', 'team-w26-d4', NULL, 'GK', '[]', 33);
INSERT OR IGNORE INTO squad_players (squad_id, player_id, shirt_number, listed_position, status)
VALUES ('sq-w26-d4', 'p-w26-d4-01', 1, 'GK', 'available');
INSERT OR IGNORE INTO players (id, name, nationality, primary_team_id, club, position, role_tags_json, age)
VALUES ('p-w26-d4-02', 'Lucas Müller', 'TR', 'team-w26-d4', NULL, 'DF', '[]', 32);
INSERT OR IGNORE INTO squad_players (squad_id, player_id, shirt_number, listed_position, status)
VALUES ('sq-w26-d4', 'p-w26-d4-02', 2, 'RB', 'available');
INSERT OR IGNORE INTO players (id, name, nationality, primary_team_id, club, position, role_tags_json, age)
VALUES ('p-w26-d4-03', 'Marco Müller', 'TR', 'team-w26-d4', NULL, 'DF', '[]', 31);
INSERT OR IGNORE INTO squad_players (squad_id, player_id, shirt_number, listed_position, status)
VALUES ('sq-w26-d4', 'p-w26-d4-03', 3, 'CB', 'available');
INSERT OR IGNORE INTO players (id, name, nationality, primary_team_id, club, position, role_tags_json, age)
VALUES ('p-w26-d4-04', 'Alex Müller', 'TR', 'team-w26-d4', NULL, 'DF', '[]', 30);
INSERT OR IGNORE INTO squad_players (squad_id, player_id, shirt_number, listed_position, status)
VALUES ('sq-w26-d4', 'p-w26-d4-04', 4, 'CB', 'available');
INSERT OR IGNORE INTO players (id, name, nationality, primary_team_id, club, position, role_tags_json, age)
VALUES ('p-w26-d4-05', 'Sam Müller', 'TR', 'team-w26-d4', NULL, 'DF', '[]', 29);
INSERT OR IGNORE INTO squad_players (squad_id, player_id, shirt_number, listed_position, status)
VALUES ('sq-w26-d4', 'p-w26-d4-05', 5, 'LB', 'available');
INSERT OR IGNORE INTO players (id, name, nationality, primary_team_id, club, position, role_tags_json, age)
VALUES ('p-w26-d4-06', 'Tom Müller', 'TR', 'team-w26-d4', NULL, 'MF', '[]', 28);
INSERT OR IGNORE INTO squad_players (squad_id, player_id, shirt_number, listed_position, status)
VALUES ('sq-w26-d4', 'p-w26-d4-06', 6, 'DM', 'available');
INSERT OR IGNORE INTO players (id, name, nationality, primary_team_id, club, position, role_tags_json, age)
VALUES ('p-w26-d4-07', 'Luis Müller', 'TR', 'team-w26-d4', NULL, 'MF', '[]', 27);
INSERT OR IGNORE INTO squad_players (squad_id, player_id, shirt_number, listed_position, status)
VALUES ('sq-w26-d4', 'p-w26-d4-07', 7, 'CM', 'available');
INSERT OR IGNORE INTO players (id, name, nationality, primary_team_id, club, position, role_tags_json, age)
VALUES ('p-w26-d4-08', 'André Müller', 'TR', 'team-w26-d4', NULL, 'MF', '[]', 26);
INSERT OR IGNORE INTO squad_players (squad_id, player_id, shirt_number, listed_position, status)
VALUES ('sq-w26-d4', 'p-w26-d4-08', 8, 'CM', 'available');
INSERT OR IGNORE INTO players (id, name, nationality, primary_team_id, club, position, role_tags_json, age)
VALUES ('p-w26-d4-10', 'Noah Horváth', 'TR', 'team-w26-d4', NULL, 'MF', '[]', 33);
INSERT OR IGNORE INTO squad_players (squad_id, player_id, shirt_number, listed_position, status)
VALUES ('sq-w26-d4', 'p-w26-d4-10', 10, 'AM', 'available');
INSERT OR IGNORE INTO players (id, name, nationality, primary_team_id, club, position, role_tags_json, age)
VALUES ('p-w26-d4-11', 'Omar Santos', 'TR', 'team-w26-d4', NULL, 'FW', '[]', 22);
INSERT OR IGNORE INTO squad_players (squad_id, player_id, shirt_number, listed_position, status)
VALUES ('sq-w26-d4', 'p-w26-d4-11', 11, 'LW', 'available');
INSERT OR IGNORE INTO players (id, name, nationality, primary_team_id, club, position, role_tags_json, age)
VALUES ('p-w26-d4-14', 'Ivan Kim', 'TR', 'team-w26-d4', NULL, 'FW', '[]', 25);
INSERT OR IGNORE INTO squad_players (squad_id, player_id, shirt_number, listed_position, status)
VALUES ('sq-w26-d4', 'p-w26-d4-14', 14, 'RW', 'available');
INSERT OR IGNORE INTO players (id, name, nationality, primary_team_id, club, position, role_tags_json, age)
VALUES ('p-w26-d4-09', 'Carlos Müller', 'TR', 'team-w26-d4', NULL, 'FW', '[]', 25);
INSERT OR IGNORE INTO squad_players (squad_id, player_id, shirt_number, listed_position, status)
VALUES ('sq-w26-d4', 'p-w26-d4-09', 9, 'ST', 'available');
INSERT OR IGNORE INTO players (id, name, nationality, primary_team_id, club, position, role_tags_json, age)
VALUES ('p-w26-d4-12', 'Yuki Costa', 'TR', 'team-w26-d4', NULL, 'GK', '[]', 23);
INSERT OR IGNORE INTO squad_players (squad_id, player_id, shirt_number, listed_position, status)
VALUES ('sq-w26-d4', 'p-w26-d4-12', 12, 'GK', 'available');
INSERT OR IGNORE INTO players (id, name, nationality, primary_team_id, club, position, role_tags_json, age)
VALUES ('p-w26-d4-13', 'Diego Brown', 'TR', 'team-w26-d4', NULL, 'DF', '[]', 24);
INSERT OR IGNORE INTO squad_players (squad_id, player_id, shirt_number, listed_position, status)
VALUES ('sq-w26-d4', 'p-w26-d4-13', 13, 'CB', 'available');
INSERT OR IGNORE INTO players (id, name, nationality, primary_team_id, club, position, role_tags_json, age)
VALUES ('p-w26-d4-15', 'Kenji García', 'TR', 'team-w26-d4', NULL, 'MF', '[]', 26);
INSERT OR IGNORE INTO squad_players (squad_id, player_id, shirt_number, listed_position, status)
VALUES ('sq-w26-d4', 'p-w26-d4-15', 15, 'CM', 'available');
INSERT OR IGNORE INTO players (id, name, nationality, primary_team_id, club, position, role_tags_json, age)
VALUES ('p-w26-d4-16', 'Mateo Okonkwo', 'TR', 'team-w26-d4', NULL, 'FW', '[]', 27);
INSERT OR IGNORE INTO squad_players (squad_id, player_id, shirt_number, listed_position, status)
VALUES ('sq-w26-d4', 'p-w26-d4-16', 16, 'ST', 'available');

INSERT OR IGNORE INTO squads (id, tournament_id, team_id, source_id, is_official, confidence, announced_at)
VALUES ('sq-w26-e2', 't-2026', 'team-w26-e2', 'src-mock', 1, 0.82, '2026-05-15T12:00:00Z');

INSERT OR IGNORE INTO players (id, name, nationality, primary_team_id, club, position, role_tags_json, age)
VALUES ('p-w26-e2-01', 'Erik Santos', 'EC', 'team-w26-e2', NULL, 'GK', '[]', 28);
INSERT OR IGNORE INTO squad_players (squad_id, player_id, shirt_number, listed_position, status)
VALUES ('sq-w26-e2', 'p-w26-e2-01', 1, 'GK', 'available');
INSERT OR IGNORE INTO players (id, name, nationality, primary_team_id, club, position, role_tags_json, age)
VALUES ('p-w26-e2-02', 'Jan Santos', 'EC', 'team-w26-e2', NULL, 'DF', '[]', 27);
INSERT OR IGNORE INTO squad_players (squad_id, player_id, shirt_number, listed_position, status)
VALUES ('sq-w26-e2', 'p-w26-e2-02', 2, 'RB', 'available');
INSERT OR IGNORE INTO players (id, name, nationality, primary_team_id, club, position, role_tags_json, age)
VALUES ('p-w26-e2-03', 'Pierre Santos', 'EC', 'team-w26-e2', NULL, 'DF', '[]', 26);
INSERT OR IGNORE INTO squad_players (squad_id, player_id, shirt_number, listed_position, status)
VALUES ('sq-w26-e2', 'p-w26-e2-03', 3, 'CB', 'available');
INSERT OR IGNORE INTO players (id, name, nationality, primary_team_id, club, position, role_tags_json, age)
VALUES ('p-w26-e2-04', 'Hassan Santos', 'EC', 'team-w26-e2', NULL, 'DF', '[]', 25);
INSERT OR IGNORE INTO squad_players (squad_id, player_id, shirt_number, listed_position, status)
VALUES ('sq-w26-e2', 'p-w26-e2-04', 4, 'CB', 'available');
INSERT OR IGNORE INTO players (id, name, nationality, primary_team_id, club, position, role_tags_json, age)
VALUES ('p-w26-e2-05', 'Sven Santos', 'EC', 'team-w26-e2', NULL, 'DF', '[]', 24);
INSERT OR IGNORE INTO squad_players (squad_id, player_id, shirt_number, listed_position, status)
VALUES ('sq-w26-e2', 'p-w26-e2-05', 5, 'LB', 'available');
INSERT OR IGNORE INTO players (id, name, nationality, primary_team_id, club, position, role_tags_json, age)
VALUES ('p-w26-e2-06', 'Mateo Santos', 'EC', 'team-w26-e2', NULL, 'MF', '[]', 23);
INSERT OR IGNORE INTO squad_players (squad_id, player_id, shirt_number, listed_position, status)
VALUES ('sq-w26-e2', 'p-w26-e2-06', 6, 'DM', 'available');
INSERT OR IGNORE INTO players (id, name, nationality, primary_team_id, club, position, role_tags_json, age)
VALUES ('p-w26-e2-07', 'Kenji Santos', 'EC', 'team-w26-e2', NULL, 'MF', '[]', 22);
INSERT OR IGNORE INTO squad_players (squad_id, player_id, shirt_number, listed_position, status)
VALUES ('sq-w26-e2', 'p-w26-e2-07', 7, 'CM', 'available');
INSERT OR IGNORE INTO players (id, name, nationality, primary_team_id, club, position, role_tags_json, age)
VALUES ('p-w26-e2-08', 'Ivan Santos', 'EC', 'team-w26-e2', NULL, 'MF', '[]', 33);
INSERT OR IGNORE INTO squad_players (squad_id, player_id, shirt_number, listed_position, status)
VALUES ('sq-w26-e2', 'p-w26-e2-08', 8, 'CM', 'available');
INSERT OR IGNORE INTO players (id, name, nationality, primary_team_id, club, position, role_tags_json, age)
VALUES ('p-w26-e2-10', 'Lucas Dupont', 'EC', 'team-w26-e2', NULL, 'MF', '[]', 32);
INSERT OR IGNORE INTO squad_players (squad_id, player_id, shirt_number, listed_position, status)
VALUES ('sq-w26-e2', 'p-w26-e2-10', 10, 'AM', 'available');
INSERT OR IGNORE INTO players (id, name, nationality, primary_team_id, club, position, role_tags_json, age)
VALUES ('p-w26-e2-11', 'Noah Nielsen', 'EC', 'team-w26-e2', NULL, 'FW', '[]', 33);
INSERT OR IGNORE INTO squad_players (squad_id, player_id, shirt_number, listed_position, status)
VALUES ('sq-w26-e2', 'p-w26-e2-11', 11, 'LW', 'available');
INSERT OR IGNORE INTO players (id, name, nationality, primary_team_id, club, position, role_tags_json, age)
VALUES ('p-w26-e2-14', 'Diego Silva', 'EC', 'team-w26-e2', NULL, 'FW', '[]', 24);
INSERT OR IGNORE INTO squad_players (squad_id, player_id, shirt_number, listed_position, status)
VALUES ('sq-w26-e2', 'p-w26-e2-14', 14, 'RW', 'available');
INSERT OR IGNORE INTO players (id, name, nationality, primary_team_id, club, position, role_tags_json, age)
VALUES ('p-w26-e2-09', 'Diego Santos', 'EC', 'team-w26-e2', NULL, 'FW', '[]', 32);
INSERT OR IGNORE INTO squad_players (squad_id, player_id, shirt_number, listed_position, status)
VALUES ('sq-w26-e2', 'p-w26-e2-09', 9, 'ST', 'available');
INSERT OR IGNORE INTO players (id, name, nationality, primary_team_id, club, position, role_tags_json, age)
VALUES ('p-w26-e2-12', 'Omar Weber', 'EC', 'team-w26-e2', NULL, 'GK', '[]', 22);
INSERT OR IGNORE INTO squad_players (squad_id, player_id, shirt_number, listed_position, status)
VALUES ('sq-w26-e2', 'p-w26-e2-12', 12, 'GK', 'available');
INSERT OR IGNORE INTO players (id, name, nationality, primary_team_id, club, position, role_tags_json, age)
VALUES ('p-w26-e2-13', 'Yuki Lee', 'EC', 'team-w26-e2', NULL, 'DF', '[]', 23);
INSERT OR IGNORE INTO squad_players (squad_id, player_id, shirt_number, listed_position, status)
VALUES ('sq-w26-e2', 'p-w26-e2-13', 13, 'CB', 'available');
INSERT OR IGNORE INTO players (id, name, nationality, primary_team_id, club, position, role_tags_json, age)
VALUES ('p-w26-e2-15', 'Ivan Novák', 'EC', 'team-w26-e2', NULL, 'MF', '[]', 25);
INSERT OR IGNORE INTO squad_players (squad_id, player_id, shirt_number, listed_position, status)
VALUES ('sq-w26-e2', 'p-w26-e2-15', 15, 'CM', 'available');
INSERT OR IGNORE INTO players (id, name, nationality, primary_team_id, club, position, role_tags_json, age)
VALUES ('p-w26-e2-16', 'Kenji Müller', 'EC', 'team-w26-e2', NULL, 'FW', '[]', 26);
INSERT OR IGNORE INTO squad_players (squad_id, player_id, shirt_number, listed_position, status)
VALUES ('sq-w26-e2', 'p-w26-e2-16', 16, 'ST', 'available');

INSERT OR IGNORE INTO squads (id, tournament_id, team_id, source_id, is_official, confidence, announced_at)
VALUES ('sq-w26-e3', 't-2026', 'team-w26-e3', 'src-mock', 1, 0.82, '2026-05-15T12:00:00Z');

INSERT OR IGNORE INTO players (id, name, nationality, primary_team_id, club, position, role_tags_json, age)
VALUES ('p-w26-e3-01', 'Jan Nielsen', 'DE', 'team-w26-e3', NULL, 'GK', '[]', 27);
INSERT OR IGNORE INTO squad_players (squad_id, player_id, shirt_number, listed_position, status)
VALUES ('sq-w26-e3', 'p-w26-e3-01', 1, 'GK', 'available');
INSERT OR IGNORE INTO players (id, name, nationality, primary_team_id, club, position, role_tags_json, age)
VALUES ('p-w26-e3-02', 'Pierre Nielsen', 'DE', 'team-w26-e3', NULL, 'DF', '[]', 26);
INSERT OR IGNORE INTO squad_players (squad_id, player_id, shirt_number, listed_position, status)
VALUES ('sq-w26-e3', 'p-w26-e3-02', 2, 'RB', 'available');
INSERT OR IGNORE INTO players (id, name, nationality, primary_team_id, club, position, role_tags_json, age)
VALUES ('p-w26-e3-03', 'Hassan Nielsen', 'DE', 'team-w26-e3', NULL, 'DF', '[]', 25);
INSERT OR IGNORE INTO squad_players (squad_id, player_id, shirt_number, listed_position, status)
VALUES ('sq-w26-e3', 'p-w26-e3-03', 3, 'CB', 'available');
INSERT OR IGNORE INTO players (id, name, nationality, primary_team_id, club, position, role_tags_json, age)
VALUES ('p-w26-e3-04', 'Sven Nielsen', 'DE', 'team-w26-e3', NULL, 'DF', '[]', 24);
INSERT OR IGNORE INTO squad_players (squad_id, player_id, shirt_number, listed_position, status)
VALUES ('sq-w26-e3', 'p-w26-e3-04', 4, 'CB', 'available');
INSERT OR IGNORE INTO players (id, name, nationality, primary_team_id, club, position, role_tags_json, age)
VALUES ('p-w26-e3-05', 'Mateo Nielsen', 'DE', 'team-w26-e3', NULL, 'DF', '[]', 23);
INSERT OR IGNORE INTO squad_players (squad_id, player_id, shirt_number, listed_position, status)
VALUES ('sq-w26-e3', 'p-w26-e3-05', 5, 'LB', 'available');
INSERT OR IGNORE INTO players (id, name, nationality, primary_team_id, club, position, role_tags_json, age)
VALUES ('p-w26-e3-06', 'Kenji Nielsen', 'DE', 'team-w26-e3', NULL, 'MF', '[]', 22);
INSERT OR IGNORE INTO squad_players (squad_id, player_id, shirt_number, listed_position, status)
VALUES ('sq-w26-e3', 'p-w26-e3-06', 6, 'DM', 'available');
INSERT OR IGNORE INTO players (id, name, nationality, primary_team_id, club, position, role_tags_json, age)
VALUES ('p-w26-e3-07', 'Ivan Nielsen', 'DE', 'team-w26-e3', NULL, 'MF', '[]', 33);
INSERT OR IGNORE INTO squad_players (squad_id, player_id, shirt_number, listed_position, status)
VALUES ('sq-w26-e3', 'p-w26-e3-07', 7, 'CM', 'available');
INSERT OR IGNORE INTO players (id, name, nationality, primary_team_id, club, position, role_tags_json, age)
VALUES ('p-w26-e3-08', 'Diego Nielsen', 'DE', 'team-w26-e3', NULL, 'MF', '[]', 32);
INSERT OR IGNORE INTO squad_players (squad_id, player_id, shirt_number, listed_position, status)
VALUES ('sq-w26-e3', 'p-w26-e3-08', 8, 'CM', 'available');
INSERT OR IGNORE INTO players (id, name, nationality, primary_team_id, club, position, role_tags_json, age)
VALUES ('p-w26-e3-10', 'Jan García', 'DE', 'team-w26-e3', NULL, 'MF', '[]', 27);
INSERT OR IGNORE INTO squad_players (squad_id, player_id, shirt_number, listed_position, status)
VALUES ('sq-w26-e3', 'p-w26-e3-10', 10, 'AM', 'available');
INSERT OR IGNORE INTO players (id, name, nationality, primary_team_id, club, position, role_tags_json, age)
VALUES ('p-w26-e3-11', 'Erik Okonkwo', 'DE', 'team-w26-e3', NULL, 'FW', '[]', 28);
INSERT OR IGNORE INTO squad_players (squad_id, player_id, shirt_number, listed_position, status)
VALUES ('sq-w26-e3', 'p-w26-e3-11', 11, 'LW', 'available');
INSERT OR IGNORE INTO players (id, name, nationality, primary_team_id, club, position, role_tags_json, age)
VALUES ('p-w26-e3-14', 'Luis Benali', 'DE', 'team-w26-e3', NULL, 'FW', '[]', 31);
INSERT OR IGNORE INTO squad_players (squad_id, player_id, shirt_number, listed_position, status)
VALUES ('sq-w26-e3', 'p-w26-e3-14', 14, 'RW', 'available');
INSERT OR IGNORE INTO players (id, name, nationality, primary_team_id, club, position, role_tags_json, age)
VALUES ('p-w26-e3-09', 'Yuki Nielsen', 'DE', 'team-w26-e3', NULL, 'FW', '[]', 31);
INSERT OR IGNORE INTO squad_players (squad_id, player_id, shirt_number, listed_position, status)
VALUES ('sq-w26-e3', 'p-w26-e3-09', 9, 'ST', 'available');
INSERT OR IGNORE INTO players (id, name, nationality, primary_team_id, club, position, role_tags_json, age)
VALUES ('p-w26-e3-12', 'Carlos Ali', 'DE', 'team-w26-e3', NULL, 'GK', '[]', 29);
INSERT OR IGNORE INTO squad_players (squad_id, player_id, shirt_number, listed_position, status)
VALUES ('sq-w26-e3', 'p-w26-e3-12', 12, 'GK', 'available');
INSERT OR IGNORE INTO players (id, name, nationality, primary_team_id, club, position, role_tags_json, age)
VALUES ('p-w26-e3-13', 'André Rossi', 'DE', 'team-w26-e3', NULL, 'DF', '[]', 30);
INSERT OR IGNORE INTO squad_players (squad_id, player_id, shirt_number, listed_position, status)
VALUES ('sq-w26-e3', 'p-w26-e3-13', 13, 'CB', 'available');
INSERT OR IGNORE INTO players (id, name, nationality, primary_team_id, club, position, role_tags_json, age)
VALUES ('p-w26-e3-15', 'Tom Horváth', 'DE', 'team-w26-e3', NULL, 'MF', '[]', 32);
INSERT OR IGNORE INTO squad_players (squad_id, player_id, shirt_number, listed_position, status)
VALUES ('sq-w26-e3', 'p-w26-e3-15', 15, 'CM', 'available');
INSERT OR IGNORE INTO players (id, name, nationality, primary_team_id, club, position, role_tags_json, age)
VALUES ('p-w26-e3-16', 'Sam Santos', 'DE', 'team-w26-e3', NULL, 'FW', '[]', 33);
INSERT OR IGNORE INTO squad_players (squad_id, player_id, shirt_number, listed_position, status)
VALUES ('sq-w26-e3', 'p-w26-e3-16', 16, 'ST', 'available');

INSERT OR IGNORE INTO squads (id, tournament_id, team_id, source_id, is_official, confidence, announced_at)
VALUES ('sq-w26-e4', 't-2026', 'team-w26-e4', 'src-mock', 1, 0.82, '2026-05-15T12:00:00Z');

INSERT OR IGNORE INTO players (id, name, nationality, primary_team_id, club, position, role_tags_json, age)
VALUES ('p-w26-e4-01', 'Pierre Horváth', 'CW', 'team-w26-e4', NULL, 'GK', '[]', 26);
INSERT OR IGNORE INTO squad_players (squad_id, player_id, shirt_number, listed_position, status)
VALUES ('sq-w26-e4', 'p-w26-e4-01', 1, 'GK', 'available');
INSERT OR IGNORE INTO players (id, name, nationality, primary_team_id, club, position, role_tags_json, age)
VALUES ('p-w26-e4-02', 'Hassan Horváth', 'CW', 'team-w26-e4', NULL, 'DF', '[]', 25);
INSERT OR IGNORE INTO squad_players (squad_id, player_id, shirt_number, listed_position, status)
VALUES ('sq-w26-e4', 'p-w26-e4-02', 2, 'RB', 'available');
INSERT OR IGNORE INTO players (id, name, nationality, primary_team_id, club, position, role_tags_json, age)
VALUES ('p-w26-e4-03', 'Sven Horváth', 'CW', 'team-w26-e4', NULL, 'DF', '[]', 24);
INSERT OR IGNORE INTO squad_players (squad_id, player_id, shirt_number, listed_position, status)
VALUES ('sq-w26-e4', 'p-w26-e4-03', 3, 'CB', 'available');
INSERT OR IGNORE INTO players (id, name, nationality, primary_team_id, club, position, role_tags_json, age)
VALUES ('p-w26-e4-04', 'Mateo Horváth', 'CW', 'team-w26-e4', NULL, 'DF', '[]', 23);
INSERT OR IGNORE INTO squad_players (squad_id, player_id, shirt_number, listed_position, status)
VALUES ('sq-w26-e4', 'p-w26-e4-04', 4, 'CB', 'available');
INSERT OR IGNORE INTO players (id, name, nationality, primary_team_id, club, position, role_tags_json, age)
VALUES ('p-w26-e4-05', 'Kenji Horváth', 'CW', 'team-w26-e4', NULL, 'DF', '[]', 22);
INSERT OR IGNORE INTO squad_players (squad_id, player_id, shirt_number, listed_position, status)
VALUES ('sq-w26-e4', 'p-w26-e4-05', 5, 'LB', 'available');
INSERT OR IGNORE INTO players (id, name, nationality, primary_team_id, club, position, role_tags_json, age)
VALUES ('p-w26-e4-06', 'Ivan Horváth', 'CW', 'team-w26-e4', NULL, 'MF', '[]', 33);
INSERT OR IGNORE INTO squad_players (squad_id, player_id, shirt_number, listed_position, status)
VALUES ('sq-w26-e4', 'p-w26-e4-06', 6, 'DM', 'available');
INSERT OR IGNORE INTO players (id, name, nationality, primary_team_id, club, position, role_tags_json, age)
VALUES ('p-w26-e4-07', 'Diego Horváth', 'CW', 'team-w26-e4', NULL, 'MF', '[]', 32);
INSERT OR IGNORE INTO squad_players (squad_id, player_id, shirt_number, listed_position, status)
VALUES ('sq-w26-e4', 'p-w26-e4-07', 7, 'CM', 'available');
INSERT OR IGNORE INTO players (id, name, nationality, primary_team_id, club, position, role_tags_json, age)
VALUES ('p-w26-e4-08', 'Yuki Horváth', 'CW', 'team-w26-e4', NULL, 'MF', '[]', 31);
INSERT OR IGNORE INTO squad_players (squad_id, player_id, shirt_number, listed_position, status)
VALUES ('sq-w26-e4', 'p-w26-e4-08', 8, 'CM', 'available');
INSERT OR IGNORE INTO players (id, name, nationality, primary_team_id, club, position, role_tags_json, age)
VALUES ('p-w26-e4-10', 'Omar Nielsen', 'CW', 'team-w26-e4', NULL, 'MF', '[]', 22);
INSERT OR IGNORE INTO squad_players (squad_id, player_id, shirt_number, listed_position, status)
VALUES ('sq-w26-e4', 'p-w26-e4-10', 10, 'AM', 'available');
INSERT OR IGNORE INTO players (id, name, nationality, primary_team_id, club, position, role_tags_json, age)
VALUES ('p-w26-e4-11', 'Yuki Weber', 'CW', 'team-w26-e4', NULL, 'FW', '[]', 23);
INSERT OR IGNORE INTO squad_players (squad_id, player_id, shirt_number, listed_position, status)
VALUES ('sq-w26-e4', 'p-w26-e4-11', 11, 'LW', 'available');
INSERT OR IGNORE INTO players (id, name, nationality, primary_team_id, club, position, role_tags_json, age)
VALUES ('p-w26-e4-14', 'Kenji Novák', 'CW', 'team-w26-e4', NULL, 'FW', '[]', 26);
INSERT OR IGNORE INTO squad_players (squad_id, player_id, shirt_number, listed_position, status)
VALUES ('sq-w26-e4', 'p-w26-e4-14', 14, 'RW', 'available');
INSERT OR IGNORE INTO players (id, name, nationality, primary_team_id, club, position, role_tags_json, age)
VALUES ('p-w26-e4-09', 'Omar Horváth', 'CW', 'team-w26-e4', NULL, 'FW', '[]', 30);
INSERT OR IGNORE INTO squad_players (squad_id, player_id, shirt_number, listed_position, status)
VALUES ('sq-w26-e4', 'p-w26-e4-09', 9, 'ST', 'available');
INSERT OR IGNORE INTO players (id, name, nationality, primary_team_id, club, position, role_tags_json, age)
VALUES ('p-w26-e4-12', 'Diego Lee', 'CW', 'team-w26-e4', NULL, 'GK', '[]', 24);
INSERT OR IGNORE INTO squad_players (squad_id, player_id, shirt_number, listed_position, status)
VALUES ('sq-w26-e4', 'p-w26-e4-12', 12, 'GK', 'available');
INSERT OR IGNORE INTO players (id, name, nationality, primary_team_id, club, position, role_tags_json, age)
VALUES ('p-w26-e4-13', 'Ivan Silva', 'CW', 'team-w26-e4', NULL, 'DF', '[]', 25);
INSERT OR IGNORE INTO squad_players (squad_id, player_id, shirt_number, listed_position, status)
VALUES ('sq-w26-e4', 'p-w26-e4-13', 13, 'CB', 'available');
INSERT OR IGNORE INTO players (id, name, nationality, primary_team_id, club, position, role_tags_json, age)
VALUES ('p-w26-e4-15', 'Mateo Müller', 'CW', 'team-w26-e4', NULL, 'MF', '[]', 27);
INSERT OR IGNORE INTO squad_players (squad_id, player_id, shirt_number, listed_position, status)
VALUES ('sq-w26-e4', 'p-w26-e4-15', 15, 'CM', 'available');
INSERT OR IGNORE INTO players (id, name, nationality, primary_team_id, club, position, role_tags_json, age)
VALUES ('p-w26-e4-16', 'Sven Petrov', 'CW', 'team-w26-e4', NULL, 'FW', '[]', 28);
INSERT OR IGNORE INTO squad_players (squad_id, player_id, shirt_number, listed_position, status)
VALUES ('sq-w26-e4', 'p-w26-e4-16', 16, 'ST', 'available');

INSERT OR IGNORE INTO squads (id, tournament_id, team_id, source_id, is_official, confidence, announced_at)
VALUES ('sq-w26-f1', 't-2026', 'team-w26-f1', 'src-mock', 1, 0.82, '2026-05-15T12:00:00Z');

INSERT OR IGNORE INTO players (id, name, nationality, primary_team_id, club, position, role_tags_json, age)
VALUES ('p-w26-f1-01', 'Omar Okonkwo', 'NL', 'team-w26-f1', NULL, 'GK', '[]', 22);
INSERT OR IGNORE INTO squad_players (squad_id, player_id, shirt_number, listed_position, status)
VALUES ('sq-w26-f1', 'p-w26-f1-01', 1, 'GK', 'available');
INSERT OR IGNORE INTO players (id, name, nationality, primary_team_id, club, position, role_tags_json, age)
VALUES ('p-w26-f1-02', 'Noah Okonkwo', 'NL', 'team-w26-f1', NULL, 'DF', '[]', 33);
INSERT OR IGNORE INTO squad_players (squad_id, player_id, shirt_number, listed_position, status)
VALUES ('sq-w26-f1', 'p-w26-f1-02', 2, 'RB', 'available');
INSERT OR IGNORE INTO players (id, name, nationality, primary_team_id, club, position, role_tags_json, age)
VALUES ('p-w26-f1-03', 'Lucas Okonkwo', 'NL', 'team-w26-f1', NULL, 'DF', '[]', 32);
INSERT OR IGNORE INTO squad_players (squad_id, player_id, shirt_number, listed_position, status)
VALUES ('sq-w26-f1', 'p-w26-f1-03', 3, 'CB', 'available');
INSERT OR IGNORE INTO players (id, name, nationality, primary_team_id, club, position, role_tags_json, age)
VALUES ('p-w26-f1-04', 'Marco Okonkwo', 'NL', 'team-w26-f1', NULL, 'DF', '[]', 31);
INSERT OR IGNORE INTO squad_players (squad_id, player_id, shirt_number, listed_position, status)
VALUES ('sq-w26-f1', 'p-w26-f1-04', 4, 'CB', 'available');
INSERT OR IGNORE INTO players (id, name, nationality, primary_team_id, club, position, role_tags_json, age)
VALUES ('p-w26-f1-05', 'Alex Okonkwo', 'NL', 'team-w26-f1', NULL, 'DF', '[]', 30);
INSERT OR IGNORE INTO squad_players (squad_id, player_id, shirt_number, listed_position, status)
VALUES ('sq-w26-f1', 'p-w26-f1-05', 5, 'LB', 'available');
INSERT OR IGNORE INTO players (id, name, nationality, primary_team_id, club, position, role_tags_json, age)
VALUES ('p-w26-f1-06', 'Sam Okonkwo', 'NL', 'team-w26-f1', NULL, 'MF', '[]', 29);
INSERT OR IGNORE INTO squad_players (squad_id, player_id, shirt_number, listed_position, status)
VALUES ('sq-w26-f1', 'p-w26-f1-06', 6, 'DM', 'available');
INSERT OR IGNORE INTO players (id, name, nationality, primary_team_id, club, position, role_tags_json, age)
VALUES ('p-w26-f1-07', 'Tom Okonkwo', 'NL', 'team-w26-f1', NULL, 'MF', '[]', 28);
INSERT OR IGNORE INTO squad_players (squad_id, player_id, shirt_number, listed_position, status)
VALUES ('sq-w26-f1', 'p-w26-f1-07', 7, 'CM', 'available');
INSERT OR IGNORE INTO players (id, name, nationality, primary_team_id, club, position, role_tags_json, age)
VALUES ('p-w26-f1-08', 'Luis Okonkwo', 'NL', 'team-w26-f1', NULL, 'MF', '[]', 27);
INSERT OR IGNORE INTO squad_players (squad_id, player_id, shirt_number, listed_position, status)
VALUES ('sq-w26-f1', 'p-w26-f1-08', 8, 'CM', 'available');
INSERT OR IGNORE INTO players (id, name, nationality, primary_team_id, club, position, role_tags_json, age)
VALUES ('p-w26-f1-10', 'Pierre Novák', 'NL', 'team-w26-f1', NULL, 'MF', '[]', 26);
INSERT OR IGNORE INTO squad_players (squad_id, player_id, shirt_number, listed_position, status)
VALUES ('sq-w26-f1', 'p-w26-f1-10', 10, 'AM', 'available');
INSERT OR IGNORE INTO players (id, name, nationality, primary_team_id, club, position, role_tags_json, age)
VALUES ('p-w26-f1-11', 'Jan Müller', 'NL', 'team-w26-f1', NULL, 'FW', '[]', 27);
INSERT OR IGNORE INTO squad_players (squad_id, player_id, shirt_number, listed_position, status)
VALUES ('sq-w26-f1', 'p-w26-f1-11', 11, 'LW', 'available');
INSERT OR IGNORE INTO players (id, name, nationality, primary_team_id, club, position, role_tags_json, age)
VALUES ('p-w26-f1-14', 'André Johansson', 'NL', 'team-w26-f1', NULL, 'FW', '[]', 30);
INSERT OR IGNORE INTO squad_players (squad_id, player_id, shirt_number, listed_position, status)
VALUES ('sq-w26-f1', 'p-w26-f1-14', 14, 'RW', 'available');
INSERT OR IGNORE INTO players (id, name, nationality, primary_team_id, club, position, role_tags_json, age)
VALUES ('p-w26-f1-09', 'André Okonkwo', 'NL', 'team-w26-f1', NULL, 'FW', '[]', 26);
INSERT OR IGNORE INTO squad_players (squad_id, player_id, shirt_number, listed_position, status)
VALUES ('sq-w26-f1', 'p-w26-f1-09', 9, 'ST', 'available');
INSERT OR IGNORE INTO players (id, name, nationality, primary_team_id, club, position, role_tags_json, age)
VALUES ('p-w26-f1-12', 'Erik Petrov', 'NL', 'team-w26-f1', NULL, 'GK', '[]', 28);
INSERT OR IGNORE INTO squad_players (squad_id, player_id, shirt_number, listed_position, status)
VALUES ('sq-w26-f1', 'p-w26-f1-12', 12, 'GK', 'available');
INSERT OR IGNORE INTO players (id, name, nationality, primary_team_id, club, position, role_tags_json, age)
VALUES ('p-w26-f1-13', 'Carlos Tanaka', 'NL', 'team-w26-f1', NULL, 'DF', '[]', 29);
INSERT OR IGNORE INTO squad_players (squad_id, player_id, shirt_number, listed_position, status)
VALUES ('sq-w26-f1', 'p-w26-f1-13', 13, 'CB', 'available');
INSERT OR IGNORE INTO players (id, name, nationality, primary_team_id, club, position, role_tags_json, age)
VALUES ('p-w26-f1-15', 'Luis Dupont', 'NL', 'team-w26-f1', NULL, 'MF', '[]', 31);
INSERT OR IGNORE INTO squad_players (squad_id, player_id, shirt_number, listed_position, status)
VALUES ('sq-w26-f1', 'p-w26-f1-15', 15, 'CM', 'available');
INSERT OR IGNORE INTO players (id, name, nationality, primary_team_id, club, position, role_tags_json, age)
VALUES ('p-w26-f1-16', 'Tom Nielsen', 'NL', 'team-w26-f1', NULL, 'FW', '[]', 32);
INSERT OR IGNORE INTO squad_players (squad_id, player_id, shirt_number, listed_position, status)
VALUES ('sq-w26-f1', 'p-w26-f1-16', 16, 'ST', 'available');

INSERT OR IGNORE INTO squads (id, tournament_id, team_id, source_id, is_official, confidence, announced_at)
VALUES ('sq-w26-f2', 't-2026', 'team-w26-f2', 'src-mock', 1, 0.82, '2026-05-15T12:00:00Z');

INSERT OR IGNORE INTO players (id, name, nationality, primary_team_id, club, position, role_tags_json, age)
VALUES ('p-w26-f2-01', 'Noah Müller', 'JP', 'team-w26-f2', NULL, 'GK', '[]', 33);
INSERT OR IGNORE INTO squad_players (squad_id, player_id, shirt_number, listed_position, status)
VALUES ('sq-w26-f2', 'p-w26-f2-01', 1, 'GK', 'available');
INSERT OR IGNORE INTO players (id, name, nationality, primary_team_id, club, position, role_tags_json, age)
VALUES ('p-w26-f2-02', 'Lucas Müller', 'JP', 'team-w26-f2', NULL, 'DF', '[]', 32);
INSERT OR IGNORE INTO squad_players (squad_id, player_id, shirt_number, listed_position, status)
VALUES ('sq-w26-f2', 'p-w26-f2-02', 2, 'RB', 'available');
INSERT OR IGNORE INTO players (id, name, nationality, primary_team_id, club, position, role_tags_json, age)
VALUES ('p-w26-f2-03', 'Marco Müller', 'JP', 'team-w26-f2', NULL, 'DF', '[]', 31);
INSERT OR IGNORE INTO squad_players (squad_id, player_id, shirt_number, listed_position, status)
VALUES ('sq-w26-f2', 'p-w26-f2-03', 3, 'CB', 'available');
INSERT OR IGNORE INTO players (id, name, nationality, primary_team_id, club, position, role_tags_json, age)
VALUES ('p-w26-f2-04', 'Alex Müller', 'JP', 'team-w26-f2', NULL, 'DF', '[]', 30);
INSERT OR IGNORE INTO squad_players (squad_id, player_id, shirt_number, listed_position, status)
VALUES ('sq-w26-f2', 'p-w26-f2-04', 4, 'CB', 'available');
INSERT OR IGNORE INTO players (id, name, nationality, primary_team_id, club, position, role_tags_json, age)
VALUES ('p-w26-f2-05', 'Sam Müller', 'JP', 'team-w26-f2', NULL, 'DF', '[]', 29);
INSERT OR IGNORE INTO squad_players (squad_id, player_id, shirt_number, listed_position, status)
VALUES ('sq-w26-f2', 'p-w26-f2-05', 5, 'LB', 'available');
INSERT OR IGNORE INTO players (id, name, nationality, primary_team_id, club, position, role_tags_json, age)
VALUES ('p-w26-f2-06', 'Tom Müller', 'JP', 'team-w26-f2', NULL, 'MF', '[]', 28);
INSERT OR IGNORE INTO squad_players (squad_id, player_id, shirt_number, listed_position, status)
VALUES ('sq-w26-f2', 'p-w26-f2-06', 6, 'DM', 'available');
INSERT OR IGNORE INTO players (id, name, nationality, primary_team_id, club, position, role_tags_json, age)
VALUES ('p-w26-f2-07', 'Luis Müller', 'JP', 'team-w26-f2', NULL, 'MF', '[]', 27);
INSERT OR IGNORE INTO squad_players (squad_id, player_id, shirt_number, listed_position, status)
VALUES ('sq-w26-f2', 'p-w26-f2-07', 7, 'CM', 'available');
INSERT OR IGNORE INTO players (id, name, nationality, primary_team_id, club, position, role_tags_json, age)
VALUES ('p-w26-f2-08', 'André Müller', 'JP', 'team-w26-f2', NULL, 'MF', '[]', 26);
INSERT OR IGNORE INTO squad_players (squad_id, player_id, shirt_number, listed_position, status)
VALUES ('sq-w26-f2', 'p-w26-f2-08', 8, 'CM', 'available');
INSERT OR IGNORE INTO players (id, name, nationality, primary_team_id, club, position, role_tags_json, age)
VALUES ('p-w26-f2-10', 'Noah Horváth', 'JP', 'team-w26-f2', NULL, 'MF', '[]', 33);
INSERT OR IGNORE INTO squad_players (squad_id, player_id, shirt_number, listed_position, status)
VALUES ('sq-w26-f2', 'p-w26-f2-10', 10, 'AM', 'available');
INSERT OR IGNORE INTO players (id, name, nationality, primary_team_id, club, position, role_tags_json, age)
VALUES ('p-w26-f2-11', 'Omar Santos', 'JP', 'team-w26-f2', NULL, 'FW', '[]', 22);
INSERT OR IGNORE INTO squad_players (squad_id, player_id, shirt_number, listed_position, status)
VALUES ('sq-w26-f2', 'p-w26-f2-11', 11, 'LW', 'available');
INSERT OR IGNORE INTO players (id, name, nationality, primary_team_id, club, position, role_tags_json, age)
VALUES ('p-w26-f2-14', 'Ivan Kim', 'JP', 'team-w26-f2', NULL, 'FW', '[]', 25);
INSERT OR IGNORE INTO squad_players (squad_id, player_id, shirt_number, listed_position, status)
VALUES ('sq-w26-f2', 'p-w26-f2-14', 14, 'RW', 'available');
INSERT OR IGNORE INTO players (id, name, nationality, primary_team_id, club, position, role_tags_json, age)
VALUES ('p-w26-f2-09', 'Carlos Müller', 'JP', 'team-w26-f2', NULL, 'FW', '[]', 25);
INSERT OR IGNORE INTO squad_players (squad_id, player_id, shirt_number, listed_position, status)
VALUES ('sq-w26-f2', 'p-w26-f2-09', 9, 'ST', 'available');
INSERT OR IGNORE INTO players (id, name, nationality, primary_team_id, club, position, role_tags_json, age)
VALUES ('p-w26-f2-12', 'Yuki Costa', 'JP', 'team-w26-f2', NULL, 'GK', '[]', 23);
INSERT OR IGNORE INTO squad_players (squad_id, player_id, shirt_number, listed_position, status)
VALUES ('sq-w26-f2', 'p-w26-f2-12', 12, 'GK', 'available');
INSERT OR IGNORE INTO players (id, name, nationality, primary_team_id, club, position, role_tags_json, age)
VALUES ('p-w26-f2-13', 'Diego Brown', 'JP', 'team-w26-f2', NULL, 'DF', '[]', 24);
INSERT OR IGNORE INTO squad_players (squad_id, player_id, shirt_number, listed_position, status)
VALUES ('sq-w26-f2', 'p-w26-f2-13', 13, 'CB', 'available');
INSERT OR IGNORE INTO players (id, name, nationality, primary_team_id, club, position, role_tags_json, age)
VALUES ('p-w26-f2-15', 'Kenji García', 'JP', 'team-w26-f2', NULL, 'MF', '[]', 26);
INSERT OR IGNORE INTO squad_players (squad_id, player_id, shirt_number, listed_position, status)
VALUES ('sq-w26-f2', 'p-w26-f2-15', 15, 'CM', 'available');
INSERT OR IGNORE INTO players (id, name, nationality, primary_team_id, club, position, role_tags_json, age)
VALUES ('p-w26-f2-16', 'Mateo Okonkwo', 'JP', 'team-w26-f2', NULL, 'FW', '[]', 27);
INSERT OR IGNORE INTO squad_players (squad_id, player_id, shirt_number, listed_position, status)
VALUES ('sq-w26-f2', 'p-w26-f2-16', 16, 'ST', 'available');

INSERT OR IGNORE INTO squads (id, tournament_id, team_id, source_id, is_official, confidence, announced_at)
VALUES ('sq-w26-f3', 't-2026', 'team-w26-f3', 'src-mock', 1, 0.82, '2026-05-15T12:00:00Z');

INSERT OR IGNORE INTO players (id, name, nationality, primary_team_id, club, position, role_tags_json, age)
VALUES ('p-w26-f3-01', 'Lucas García', 'SE', 'team-w26-f3', NULL, 'GK', '[]', 32);
INSERT OR IGNORE INTO squad_players (squad_id, player_id, shirt_number, listed_position, status)
VALUES ('sq-w26-f3', 'p-w26-f3-01', 1, 'GK', 'available');
INSERT OR IGNORE INTO players (id, name, nationality, primary_team_id, club, position, role_tags_json, age)
VALUES ('p-w26-f3-02', 'Marco García', 'SE', 'team-w26-f3', NULL, 'DF', '[]', 31);
INSERT OR IGNORE INTO squad_players (squad_id, player_id, shirt_number, listed_position, status)
VALUES ('sq-w26-f3', 'p-w26-f3-02', 2, 'RB', 'available');
INSERT OR IGNORE INTO players (id, name, nationality, primary_team_id, club, position, role_tags_json, age)
VALUES ('p-w26-f3-03', 'Alex García', 'SE', 'team-w26-f3', NULL, 'DF', '[]', 30);
INSERT OR IGNORE INTO squad_players (squad_id, player_id, shirt_number, listed_position, status)
VALUES ('sq-w26-f3', 'p-w26-f3-03', 3, 'CB', 'available');
INSERT OR IGNORE INTO players (id, name, nationality, primary_team_id, club, position, role_tags_json, age)
VALUES ('p-w26-f3-04', 'Sam García', 'SE', 'team-w26-f3', NULL, 'DF', '[]', 29);
INSERT OR IGNORE INTO squad_players (squad_id, player_id, shirt_number, listed_position, status)
VALUES ('sq-w26-f3', 'p-w26-f3-04', 4, 'CB', 'available');
INSERT OR IGNORE INTO players (id, name, nationality, primary_team_id, club, position, role_tags_json, age)
VALUES ('p-w26-f3-05', 'Tom García', 'SE', 'team-w26-f3', NULL, 'DF', '[]', 28);
INSERT OR IGNORE INTO squad_players (squad_id, player_id, shirt_number, listed_position, status)
VALUES ('sq-w26-f3', 'p-w26-f3-05', 5, 'LB', 'available');
INSERT OR IGNORE INTO players (id, name, nationality, primary_team_id, club, position, role_tags_json, age)
VALUES ('p-w26-f3-06', 'Luis García', 'SE', 'team-w26-f3', NULL, 'MF', '[]', 27);
INSERT OR IGNORE INTO squad_players (squad_id, player_id, shirt_number, listed_position, status)
VALUES ('sq-w26-f3', 'p-w26-f3-06', 6, 'DM', 'available');
INSERT OR IGNORE INTO players (id, name, nationality, primary_team_id, club, position, role_tags_json, age)
VALUES ('p-w26-f3-07', 'André García', 'SE', 'team-w26-f3', NULL, 'MF', '[]', 26);
INSERT OR IGNORE INTO squad_players (squad_id, player_id, shirt_number, listed_position, status)
VALUES ('sq-w26-f3', 'p-w26-f3-07', 7, 'CM', 'available');
INSERT OR IGNORE INTO players (id, name, nationality, primary_team_id, club, position, role_tags_json, age)
VALUES ('p-w26-f3-08', 'Carlos García', 'SE', 'team-w26-f3', NULL, 'MF', '[]', 25);
INSERT OR IGNORE INTO squad_players (squad_id, player_id, shirt_number, listed_position, status)
VALUES ('sq-w26-f3', 'p-w26-f3-08', 8, 'CM', 'available');
INSERT OR IGNORE INTO players (id, name, nationality, primary_team_id, club, position, role_tags_json, age)
VALUES ('p-w26-f3-10', 'Erik Müller', 'SE', 'team-w26-f3', NULL, 'MF', '[]', 28);
INSERT OR IGNORE INTO squad_players (squad_id, player_id, shirt_number, listed_position, status)
VALUES ('sq-w26-f3', 'p-w26-f3-10', 10, 'AM', 'available');
INSERT OR IGNORE INTO players (id, name, nationality, primary_team_id, club, position, role_tags_json, age)
VALUES ('p-w26-f3-11', 'Carlos Petrov', 'SE', 'team-w26-f3', NULL, 'FW', '[]', 29);
INSERT OR IGNORE INTO squad_players (squad_id, player_id, shirt_number, listed_position, status)
VALUES ('sq-w26-f3', 'p-w26-f3-11', 11, 'LW', 'available');
INSERT OR IGNORE INTO players (id, name, nationality, primary_team_id, club, position, role_tags_json, age)
VALUES ('p-w26-f3-14', 'Tom Dupont', 'SE', 'team-w26-f3', NULL, 'FW', '[]', 32);
INSERT OR IGNORE INTO squad_players (squad_id, player_id, shirt_number, listed_position, status)
VALUES ('sq-w26-f3', 'p-w26-f3-14', 14, 'RW', 'available');
INSERT OR IGNORE INTO players (id, name, nationality, primary_team_id, club, position, role_tags_json, age)
VALUES ('p-w26-f3-09', 'Erik García', 'SE', 'team-w26-f3', NULL, 'FW', '[]', 24);
INSERT OR IGNORE INTO squad_players (squad_id, player_id, shirt_number, listed_position, status)
VALUES ('sq-w26-f3', 'p-w26-f3-09', 9, 'ST', 'available');
INSERT OR IGNORE INTO players (id, name, nationality, primary_team_id, club, position, role_tags_json, age)
VALUES ('p-w26-f3-12', 'André Tanaka', 'SE', 'team-w26-f3', NULL, 'GK', '[]', 30);
INSERT OR IGNORE INTO squad_players (squad_id, player_id, shirt_number, listed_position, status)
VALUES ('sq-w26-f3', 'p-w26-f3-12', 12, 'GK', 'available');
INSERT OR IGNORE INTO players (id, name, nationality, primary_team_id, club, position, role_tags_json, age)
VALUES ('p-w26-f3-13', 'Luis Johansson', 'SE', 'team-w26-f3', NULL, 'DF', '[]', 31);
INSERT OR IGNORE INTO squad_players (squad_id, player_id, shirt_number, listed_position, status)
VALUES ('sq-w26-f3', 'p-w26-f3-13', 13, 'CB', 'available');
INSERT OR IGNORE INTO players (id, name, nationality, primary_team_id, club, position, role_tags_json, age)
VALUES ('p-w26-f3-15', 'Sam Nielsen', 'SE', 'team-w26-f3', NULL, 'MF', '[]', 33);
INSERT OR IGNORE INTO squad_players (squad_id, player_id, shirt_number, listed_position, status)
VALUES ('sq-w26-f3', 'p-w26-f3-15', 15, 'CM', 'available');
INSERT OR IGNORE INTO players (id, name, nationality, primary_team_id, club, position, role_tags_json, age)
VALUES ('p-w26-f3-16', 'Alex Weber', 'SE', 'team-w26-f3', NULL, 'FW', '[]', 22);
INSERT OR IGNORE INTO squad_players (squad_id, player_id, shirt_number, listed_position, status)
VALUES ('sq-w26-f3', 'p-w26-f3-16', 16, 'ST', 'available');

INSERT OR IGNORE INTO squads (id, tournament_id, team_id, source_id, is_official, confidence, announced_at)
VALUES ('sq-w26-f4', 't-2026', 'team-w26-f4', 'src-mock', 1, 0.82, '2026-05-15T12:00:00Z');

INSERT OR IGNORE INTO players (id, name, nationality, primary_team_id, club, position, role_tags_json, age)
VALUES ('p-w26-f4-01', 'Marco Novák', 'TN', 'team-w26-f4', NULL, 'GK', '[]', 31);
INSERT OR IGNORE INTO squad_players (squad_id, player_id, shirt_number, listed_position, status)
VALUES ('sq-w26-f4', 'p-w26-f4-01', 1, 'GK', 'available');
INSERT OR IGNORE INTO players (id, name, nationality, primary_team_id, club, position, role_tags_json, age)
VALUES ('p-w26-f4-02', 'Alex Novák', 'TN', 'team-w26-f4', NULL, 'DF', '[]', 30);
INSERT OR IGNORE INTO squad_players (squad_id, player_id, shirt_number, listed_position, status)
VALUES ('sq-w26-f4', 'p-w26-f4-02', 2, 'RB', 'available');
INSERT OR IGNORE INTO players (id, name, nationality, primary_team_id, club, position, role_tags_json, age)
VALUES ('p-w26-f4-03', 'Sam Novák', 'TN', 'team-w26-f4', NULL, 'DF', '[]', 29);
INSERT OR IGNORE INTO squad_players (squad_id, player_id, shirt_number, listed_position, status)
VALUES ('sq-w26-f4', 'p-w26-f4-03', 3, 'CB', 'available');
INSERT OR IGNORE INTO players (id, name, nationality, primary_team_id, club, position, role_tags_json, age)
VALUES ('p-w26-f4-04', 'Tom Novák', 'TN', 'team-w26-f4', NULL, 'DF', '[]', 28);
INSERT OR IGNORE INTO squad_players (squad_id, player_id, shirt_number, listed_position, status)
VALUES ('sq-w26-f4', 'p-w26-f4-04', 4, 'CB', 'available');
INSERT OR IGNORE INTO players (id, name, nationality, primary_team_id, club, position, role_tags_json, age)
VALUES ('p-w26-f4-05', 'Luis Novák', 'TN', 'team-w26-f4', NULL, 'DF', '[]', 27);
INSERT OR IGNORE INTO squad_players (squad_id, player_id, shirt_number, listed_position, status)
VALUES ('sq-w26-f4', 'p-w26-f4-05', 5, 'LB', 'available');
INSERT OR IGNORE INTO players (id, name, nationality, primary_team_id, club, position, role_tags_json, age)
VALUES ('p-w26-f4-06', 'André Novák', 'TN', 'team-w26-f4', NULL, 'MF', '[]', 26);
INSERT OR IGNORE INTO squad_players (squad_id, player_id, shirt_number, listed_position, status)
VALUES ('sq-w26-f4', 'p-w26-f4-06', 6, 'DM', 'available');
INSERT OR IGNORE INTO players (id, name, nationality, primary_team_id, club, position, role_tags_json, age)
VALUES ('p-w26-f4-07', 'Carlos Novák', 'TN', 'team-w26-f4', NULL, 'MF', '[]', 25);
INSERT OR IGNORE INTO squad_players (squad_id, player_id, shirt_number, listed_position, status)
VALUES ('sq-w26-f4', 'p-w26-f4-07', 7, 'CM', 'available');
INSERT OR IGNORE INTO players (id, name, nationality, primary_team_id, club, position, role_tags_json, age)
VALUES ('p-w26-f4-08', 'Erik Novák', 'TN', 'team-w26-f4', NULL, 'MF', '[]', 24);
INSERT OR IGNORE INTO squad_players (squad_id, player_id, shirt_number, listed_position, status)
VALUES ('sq-w26-f4', 'p-w26-f4-08', 8, 'CM', 'available');
INSERT OR IGNORE INTO players (id, name, nationality, primary_team_id, club, position, role_tags_json, age)
VALUES ('p-w26-f4-10', 'Yuki Santos', 'TN', 'team-w26-f4', NULL, 'MF', '[]', 23);
INSERT OR IGNORE INTO squad_players (squad_id, player_id, shirt_number, listed_position, status)
VALUES ('sq-w26-f4', 'p-w26-f4-10', 10, 'AM', 'available');
INSERT OR IGNORE INTO players (id, name, nationality, primary_team_id, club, position, role_tags_json, age)
VALUES ('p-w26-f4-11', 'Diego Costa', 'TN', 'team-w26-f4', NULL, 'FW', '[]', 24);
INSERT OR IGNORE INTO squad_players (squad_id, player_id, shirt_number, listed_position, status)
VALUES ('sq-w26-f4', 'p-w26-f4-11', 11, 'LW', 'available');
INSERT OR IGNORE INTO players (id, name, nationality, primary_team_id, club, position, role_tags_json, age)
VALUES ('p-w26-f4-14', 'Mateo García', 'TN', 'team-w26-f4', NULL, 'FW', '[]', 27);
INSERT OR IGNORE INTO squad_players (squad_id, player_id, shirt_number, listed_position, status)
VALUES ('sq-w26-f4', 'p-w26-f4-14', 14, 'RW', 'available');
INSERT OR IGNORE INTO players (id, name, nationality, primary_team_id, club, position, role_tags_json, age)
VALUES ('p-w26-f4-09', 'Jan Novák', 'TN', 'team-w26-f4', NULL, 'FW', '[]', 23);
INSERT OR IGNORE INTO squad_players (squad_id, player_id, shirt_number, listed_position, status)
VALUES ('sq-w26-f4', 'p-w26-f4-09', 9, 'ST', 'available');
INSERT OR IGNORE INTO players (id, name, nationality, primary_team_id, club, position, role_tags_json, age)
VALUES ('p-w26-f4-12', 'Ivan Brown', 'TN', 'team-w26-f4', NULL, 'GK', '[]', 25);
INSERT OR IGNORE INTO squad_players (squad_id, player_id, shirt_number, listed_position, status)
VALUES ('sq-w26-f4', 'p-w26-f4-12', 12, 'GK', 'available');
INSERT OR IGNORE INTO players (id, name, nationality, primary_team_id, club, position, role_tags_json, age)
VALUES ('p-w26-f4-13', 'Kenji Kim', 'TN', 'team-w26-f4', NULL, 'DF', '[]', 26);
INSERT OR IGNORE INTO squad_players (squad_id, player_id, shirt_number, listed_position, status)
VALUES ('sq-w26-f4', 'p-w26-f4-13', 13, 'CB', 'available');
INSERT OR IGNORE INTO players (id, name, nationality, primary_team_id, club, position, role_tags_json, age)
VALUES ('p-w26-f4-15', 'Sven Okonkwo', 'TN', 'team-w26-f4', NULL, 'MF', '[]', 28);
INSERT OR IGNORE INTO squad_players (squad_id, player_id, shirt_number, listed_position, status)
VALUES ('sq-w26-f4', 'p-w26-f4-15', 15, 'CM', 'available');
INSERT OR IGNORE INTO players (id, name, nationality, primary_team_id, club, position, role_tags_json, age)
VALUES ('p-w26-f4-16', 'Hassan Ali', 'TN', 'team-w26-f4', NULL, 'FW', '[]', 29);
INSERT OR IGNORE INTO squad_players (squad_id, player_id, shirt_number, listed_position, status)
VALUES ('sq-w26-f4', 'p-w26-f4-16', 16, 'ST', 'available');

INSERT OR IGNORE INTO squads (id, tournament_id, team_id, source_id, is_official, confidence, announced_at)
VALUES ('sq-w26-g1', 't-2026', 'team-w26-g1', 'src-mock', 1, 0.82, '2026-05-15T12:00:00Z');

INSERT OR IGNORE INTO players (id, name, nationality, primary_team_id, club, position, role_tags_json, age)
VALUES ('p-w26-g1-01', 'Jan Nielsen', 'IR', 'team-w26-g1', NULL, 'GK', '[]', 27);
INSERT OR IGNORE INTO squad_players (squad_id, player_id, shirt_number, listed_position, status)
VALUES ('sq-w26-g1', 'p-w26-g1-01', 1, 'GK', 'available');
INSERT OR IGNORE INTO players (id, name, nationality, primary_team_id, club, position, role_tags_json, age)
VALUES ('p-w26-g1-02', 'Pierre Nielsen', 'IR', 'team-w26-g1', NULL, 'DF', '[]', 26);
INSERT OR IGNORE INTO squad_players (squad_id, player_id, shirt_number, listed_position, status)
VALUES ('sq-w26-g1', 'p-w26-g1-02', 2, 'RB', 'available');
INSERT OR IGNORE INTO players (id, name, nationality, primary_team_id, club, position, role_tags_json, age)
VALUES ('p-w26-g1-03', 'Hassan Nielsen', 'IR', 'team-w26-g1', NULL, 'DF', '[]', 25);
INSERT OR IGNORE INTO squad_players (squad_id, player_id, shirt_number, listed_position, status)
VALUES ('sq-w26-g1', 'p-w26-g1-03', 3, 'CB', 'available');
INSERT OR IGNORE INTO players (id, name, nationality, primary_team_id, club, position, role_tags_json, age)
VALUES ('p-w26-g1-04', 'Sven Nielsen', 'IR', 'team-w26-g1', NULL, 'DF', '[]', 24);
INSERT OR IGNORE INTO squad_players (squad_id, player_id, shirt_number, listed_position, status)
VALUES ('sq-w26-g1', 'p-w26-g1-04', 4, 'CB', 'available');
INSERT OR IGNORE INTO players (id, name, nationality, primary_team_id, club, position, role_tags_json, age)
VALUES ('p-w26-g1-05', 'Mateo Nielsen', 'IR', 'team-w26-g1', NULL, 'DF', '[]', 23);
INSERT OR IGNORE INTO squad_players (squad_id, player_id, shirt_number, listed_position, status)
VALUES ('sq-w26-g1', 'p-w26-g1-05', 5, 'LB', 'available');
INSERT OR IGNORE INTO players (id, name, nationality, primary_team_id, club, position, role_tags_json, age)
VALUES ('p-w26-g1-06', 'Kenji Nielsen', 'IR', 'team-w26-g1', NULL, 'MF', '[]', 22);
INSERT OR IGNORE INTO squad_players (squad_id, player_id, shirt_number, listed_position, status)
VALUES ('sq-w26-g1', 'p-w26-g1-06', 6, 'DM', 'available');
INSERT OR IGNORE INTO players (id, name, nationality, primary_team_id, club, position, role_tags_json, age)
VALUES ('p-w26-g1-07', 'Ivan Nielsen', 'IR', 'team-w26-g1', NULL, 'MF', '[]', 33);
INSERT OR IGNORE INTO squad_players (squad_id, player_id, shirt_number, listed_position, status)
VALUES ('sq-w26-g1', 'p-w26-g1-07', 7, 'CM', 'available');
INSERT OR IGNORE INTO players (id, name, nationality, primary_team_id, club, position, role_tags_json, age)
VALUES ('p-w26-g1-08', 'Diego Nielsen', 'IR', 'team-w26-g1', NULL, 'MF', '[]', 32);
INSERT OR IGNORE INTO squad_players (squad_id, player_id, shirt_number, listed_position, status)
VALUES ('sq-w26-g1', 'p-w26-g1-08', 8, 'CM', 'available');
INSERT OR IGNORE INTO players (id, name, nationality, primary_team_id, club, position, role_tags_json, age)
VALUES ('p-w26-g1-10', 'Jan García', 'IR', 'team-w26-g1', NULL, 'MF', '[]', 27);
INSERT OR IGNORE INTO squad_players (squad_id, player_id, shirt_number, listed_position, status)
VALUES ('sq-w26-g1', 'p-w26-g1-10', 10, 'AM', 'available');
INSERT OR IGNORE INTO players (id, name, nationality, primary_team_id, club, position, role_tags_json, age)
VALUES ('p-w26-g1-11', 'Erik Okonkwo', 'IR', 'team-w26-g1', NULL, 'FW', '[]', 28);
INSERT OR IGNORE INTO squad_players (squad_id, player_id, shirt_number, listed_position, status)
VALUES ('sq-w26-g1', 'p-w26-g1-11', 11, 'LW', 'available');
INSERT OR IGNORE INTO players (id, name, nationality, primary_team_id, club, position, role_tags_json, age)
VALUES ('p-w26-g1-14', 'Luis Benali', 'IR', 'team-w26-g1', NULL, 'FW', '[]', 31);
INSERT OR IGNORE INTO squad_players (squad_id, player_id, shirt_number, listed_position, status)
VALUES ('sq-w26-g1', 'p-w26-g1-14', 14, 'RW', 'available');
INSERT OR IGNORE INTO players (id, name, nationality, primary_team_id, club, position, role_tags_json, age)
VALUES ('p-w26-g1-09', 'Yuki Nielsen', 'IR', 'team-w26-g1', NULL, 'FW', '[]', 31);
INSERT OR IGNORE INTO squad_players (squad_id, player_id, shirt_number, listed_position, status)
VALUES ('sq-w26-g1', 'p-w26-g1-09', 9, 'ST', 'available');
INSERT OR IGNORE INTO players (id, name, nationality, primary_team_id, club, position, role_tags_json, age)
VALUES ('p-w26-g1-12', 'Carlos Ali', 'IR', 'team-w26-g1', NULL, 'GK', '[]', 29);
INSERT OR IGNORE INTO squad_players (squad_id, player_id, shirt_number, listed_position, status)
VALUES ('sq-w26-g1', 'p-w26-g1-12', 12, 'GK', 'available');
INSERT OR IGNORE INTO players (id, name, nationality, primary_team_id, club, position, role_tags_json, age)
VALUES ('p-w26-g1-13', 'André Rossi', 'IR', 'team-w26-g1', NULL, 'DF', '[]', 30);
INSERT OR IGNORE INTO squad_players (squad_id, player_id, shirt_number, listed_position, status)
VALUES ('sq-w26-g1', 'p-w26-g1-13', 13, 'CB', 'available');
INSERT OR IGNORE INTO players (id, name, nationality, primary_team_id, club, position, role_tags_json, age)
VALUES ('p-w26-g1-15', 'Tom Horváth', 'IR', 'team-w26-g1', NULL, 'MF', '[]', 32);
INSERT OR IGNORE INTO squad_players (squad_id, player_id, shirt_number, listed_position, status)
VALUES ('sq-w26-g1', 'p-w26-g1-15', 15, 'CM', 'available');
INSERT OR IGNORE INTO players (id, name, nationality, primary_team_id, club, position, role_tags_json, age)
VALUES ('p-w26-g1-16', 'Sam Santos', 'IR', 'team-w26-g1', NULL, 'FW', '[]', 33);
INSERT OR IGNORE INTO squad_players (squad_id, player_id, shirt_number, listed_position, status)
VALUES ('sq-w26-g1', 'p-w26-g1-16', 16, 'ST', 'available');

INSERT OR IGNORE INTO squads (id, tournament_id, team_id, source_id, is_official, confidence, announced_at)
VALUES ('sq-w26-g2', 't-2026', 'team-w26-g2', 'src-mock', 1, 0.82, '2026-05-15T12:00:00Z');

INSERT OR IGNORE INTO players (id, name, nationality, primary_team_id, club, position, role_tags_json, age)
VALUES ('p-w26-g2-01', 'Pierre Horváth', 'NZ', 'team-w26-g2', NULL, 'GK', '[]', 26);
INSERT OR IGNORE INTO squad_players (squad_id, player_id, shirt_number, listed_position, status)
VALUES ('sq-w26-g2', 'p-w26-g2-01', 1, 'GK', 'available');
INSERT OR IGNORE INTO players (id, name, nationality, primary_team_id, club, position, role_tags_json, age)
VALUES ('p-w26-g2-02', 'Hassan Horváth', 'NZ', 'team-w26-g2', NULL, 'DF', '[]', 25);
INSERT OR IGNORE INTO squad_players (squad_id, player_id, shirt_number, listed_position, status)
VALUES ('sq-w26-g2', 'p-w26-g2-02', 2, 'RB', 'available');
INSERT OR IGNORE INTO players (id, name, nationality, primary_team_id, club, position, role_tags_json, age)
VALUES ('p-w26-g2-03', 'Sven Horváth', 'NZ', 'team-w26-g2', NULL, 'DF', '[]', 24);
INSERT OR IGNORE INTO squad_players (squad_id, player_id, shirt_number, listed_position, status)
VALUES ('sq-w26-g2', 'p-w26-g2-03', 3, 'CB', 'available');
INSERT OR IGNORE INTO players (id, name, nationality, primary_team_id, club, position, role_tags_json, age)
VALUES ('p-w26-g2-04', 'Mateo Horváth', 'NZ', 'team-w26-g2', NULL, 'DF', '[]', 23);
INSERT OR IGNORE INTO squad_players (squad_id, player_id, shirt_number, listed_position, status)
VALUES ('sq-w26-g2', 'p-w26-g2-04', 4, 'CB', 'available');
INSERT OR IGNORE INTO players (id, name, nationality, primary_team_id, club, position, role_tags_json, age)
VALUES ('p-w26-g2-05', 'Kenji Horváth', 'NZ', 'team-w26-g2', NULL, 'DF', '[]', 22);
INSERT OR IGNORE INTO squad_players (squad_id, player_id, shirt_number, listed_position, status)
VALUES ('sq-w26-g2', 'p-w26-g2-05', 5, 'LB', 'available');
INSERT OR IGNORE INTO players (id, name, nationality, primary_team_id, club, position, role_tags_json, age)
VALUES ('p-w26-g2-06', 'Ivan Horváth', 'NZ', 'team-w26-g2', NULL, 'MF', '[]', 33);
INSERT OR IGNORE INTO squad_players (squad_id, player_id, shirt_number, listed_position, status)
VALUES ('sq-w26-g2', 'p-w26-g2-06', 6, 'DM', 'available');
INSERT OR IGNORE INTO players (id, name, nationality, primary_team_id, club, position, role_tags_json, age)
VALUES ('p-w26-g2-07', 'Diego Horváth', 'NZ', 'team-w26-g2', NULL, 'MF', '[]', 32);
INSERT OR IGNORE INTO squad_players (squad_id, player_id, shirt_number, listed_position, status)
VALUES ('sq-w26-g2', 'p-w26-g2-07', 7, 'CM', 'available');
INSERT OR IGNORE INTO players (id, name, nationality, primary_team_id, club, position, role_tags_json, age)
VALUES ('p-w26-g2-08', 'Yuki Horváth', 'NZ', 'team-w26-g2', NULL, 'MF', '[]', 31);
INSERT OR IGNORE INTO squad_players (squad_id, player_id, shirt_number, listed_position, status)
VALUES ('sq-w26-g2', 'p-w26-g2-08', 8, 'CM', 'available');
INSERT OR IGNORE INTO players (id, name, nationality, primary_team_id, club, position, role_tags_json, age)
VALUES ('p-w26-g2-10', 'Omar Nielsen', 'NZ', 'team-w26-g2', NULL, 'MF', '[]', 22);
INSERT OR IGNORE INTO squad_players (squad_id, player_id, shirt_number, listed_position, status)
VALUES ('sq-w26-g2', 'p-w26-g2-10', 10, 'AM', 'available');
INSERT OR IGNORE INTO players (id, name, nationality, primary_team_id, club, position, role_tags_json, age)
VALUES ('p-w26-g2-11', 'Yuki Weber', 'NZ', 'team-w26-g2', NULL, 'FW', '[]', 23);
INSERT OR IGNORE INTO squad_players (squad_id, player_id, shirt_number, listed_position, status)
VALUES ('sq-w26-g2', 'p-w26-g2-11', 11, 'LW', 'available');
INSERT OR IGNORE INTO players (id, name, nationality, primary_team_id, club, position, role_tags_json, age)
VALUES ('p-w26-g2-14', 'Kenji Novák', 'NZ', 'team-w26-g2', NULL, 'FW', '[]', 26);
INSERT OR IGNORE INTO squad_players (squad_id, player_id, shirt_number, listed_position, status)
VALUES ('sq-w26-g2', 'p-w26-g2-14', 14, 'RW', 'available');
INSERT OR IGNORE INTO players (id, name, nationality, primary_team_id, club, position, role_tags_json, age)
VALUES ('p-w26-g2-09', 'Omar Horváth', 'NZ', 'team-w26-g2', NULL, 'FW', '[]', 30);
INSERT OR IGNORE INTO squad_players (squad_id, player_id, shirt_number, listed_position, status)
VALUES ('sq-w26-g2', 'p-w26-g2-09', 9, 'ST', 'available');
INSERT OR IGNORE INTO players (id, name, nationality, primary_team_id, club, position, role_tags_json, age)
VALUES ('p-w26-g2-12', 'Diego Lee', 'NZ', 'team-w26-g2', NULL, 'GK', '[]', 24);
INSERT OR IGNORE INTO squad_players (squad_id, player_id, shirt_number, listed_position, status)
VALUES ('sq-w26-g2', 'p-w26-g2-12', 12, 'GK', 'available');
INSERT OR IGNORE INTO players (id, name, nationality, primary_team_id, club, position, role_tags_json, age)
VALUES ('p-w26-g2-13', 'Ivan Silva', 'NZ', 'team-w26-g2', NULL, 'DF', '[]', 25);
INSERT OR IGNORE INTO squad_players (squad_id, player_id, shirt_number, listed_position, status)
VALUES ('sq-w26-g2', 'p-w26-g2-13', 13, 'CB', 'available');
INSERT OR IGNORE INTO players (id, name, nationality, primary_team_id, club, position, role_tags_json, age)
VALUES ('p-w26-g2-15', 'Mateo Müller', 'NZ', 'team-w26-g2', NULL, 'MF', '[]', 27);
INSERT OR IGNORE INTO squad_players (squad_id, player_id, shirt_number, listed_position, status)
VALUES ('sq-w26-g2', 'p-w26-g2-15', 15, 'CM', 'available');
INSERT OR IGNORE INTO players (id, name, nationality, primary_team_id, club, position, role_tags_json, age)
VALUES ('p-w26-g2-16', 'Sven Petrov', 'NZ', 'team-w26-g2', NULL, 'FW', '[]', 28);
INSERT OR IGNORE INTO squad_players (squad_id, player_id, shirt_number, listed_position, status)
VALUES ('sq-w26-g2', 'p-w26-g2-16', 16, 'ST', 'available');

INSERT OR IGNORE INTO squads (id, tournament_id, team_id, source_id, is_official, confidence, announced_at)
VALUES ('sq-w26-g3', 't-2026', 'team-w26-g3', 'src-mock', 1, 0.82, '2026-05-15T12:00:00Z');

INSERT OR IGNORE INTO players (id, name, nationality, primary_team_id, club, position, role_tags_json, age)
VALUES ('p-w26-g3-01', 'Hassan Dupont', 'BE', 'team-w26-g3', NULL, 'GK', '[]', 25);
INSERT OR IGNORE INTO squad_players (squad_id, player_id, shirt_number, listed_position, status)
VALUES ('sq-w26-g3', 'p-w26-g3-01', 1, 'GK', 'available');
INSERT OR IGNORE INTO players (id, name, nationality, primary_team_id, club, position, role_tags_json, age)
VALUES ('p-w26-g3-02', 'Sven Dupont', 'BE', 'team-w26-g3', NULL, 'DF', '[]', 24);
INSERT OR IGNORE INTO squad_players (squad_id, player_id, shirt_number, listed_position, status)
VALUES ('sq-w26-g3', 'p-w26-g3-02', 2, 'RB', 'available');
INSERT OR IGNORE INTO players (id, name, nationality, primary_team_id, club, position, role_tags_json, age)
VALUES ('p-w26-g3-03', 'Mateo Dupont', 'BE', 'team-w26-g3', NULL, 'DF', '[]', 23);
INSERT OR IGNORE INTO squad_players (squad_id, player_id, shirt_number, listed_position, status)
VALUES ('sq-w26-g3', 'p-w26-g3-03', 3, 'CB', 'available');
INSERT OR IGNORE INTO players (id, name, nationality, primary_team_id, club, position, role_tags_json, age)
VALUES ('p-w26-g3-04', 'Kenji Dupont', 'BE', 'team-w26-g3', NULL, 'DF', '[]', 22);
INSERT OR IGNORE INTO squad_players (squad_id, player_id, shirt_number, listed_position, status)
VALUES ('sq-w26-g3', 'p-w26-g3-04', 4, 'CB', 'available');
INSERT OR IGNORE INTO players (id, name, nationality, primary_team_id, club, position, role_tags_json, age)
VALUES ('p-w26-g3-05', 'Ivan Dupont', 'BE', 'team-w26-g3', NULL, 'DF', '[]', 33);
INSERT OR IGNORE INTO squad_players (squad_id, player_id, shirt_number, listed_position, status)
VALUES ('sq-w26-g3', 'p-w26-g3-05', 5, 'LB', 'available');
INSERT OR IGNORE INTO players (id, name, nationality, primary_team_id, club, position, role_tags_json, age)
VALUES ('p-w26-g3-06', 'Diego Dupont', 'BE', 'team-w26-g3', NULL, 'MF', '[]', 32);
INSERT OR IGNORE INTO squad_players (squad_id, player_id, shirt_number, listed_position, status)
VALUES ('sq-w26-g3', 'p-w26-g3-06', 6, 'DM', 'available');
INSERT OR IGNORE INTO players (id, name, nationality, primary_team_id, club, position, role_tags_json, age)
VALUES ('p-w26-g3-07', 'Yuki Dupont', 'BE', 'team-w26-g3', NULL, 'MF', '[]', 31);
INSERT OR IGNORE INTO squad_players (squad_id, player_id, shirt_number, listed_position, status)
VALUES ('sq-w26-g3', 'p-w26-g3-07', 7, 'CM', 'available');
INSERT OR IGNORE INTO players (id, name, nationality, primary_team_id, club, position, role_tags_json, age)
VALUES ('p-w26-g3-08', 'Omar Dupont', 'BE', 'team-w26-g3', NULL, 'MF', '[]', 30);
INSERT OR IGNORE INTO squad_players (squad_id, player_id, shirt_number, listed_position, status)
VALUES ('sq-w26-g3', 'p-w26-g3-08', 8, 'CM', 'available');
INSERT OR IGNORE INTO players (id, name, nationality, primary_team_id, club, position, role_tags_json, age)
VALUES ('p-w26-g3-10', 'Carlos Okonkwo', 'BE', 'team-w26-g3', NULL, 'MF', '[]', 29);
INSERT OR IGNORE INTO squad_players (squad_id, player_id, shirt_number, listed_position, status)
VALUES ('sq-w26-g3', 'p-w26-g3-10', 10, 'AM', 'available');
INSERT OR IGNORE INTO players (id, name, nationality, primary_team_id, club, position, role_tags_json, age)
VALUES ('p-w26-g3-11', 'André Ali', 'BE', 'team-w26-g3', NULL, 'FW', '[]', 30);
INSERT OR IGNORE INTO squad_players (squad_id, player_id, shirt_number, listed_position, status)
VALUES ('sq-w26-g3', 'p-w26-g3-11', 11, 'LW', 'available');
INSERT OR IGNORE INTO players (id, name, nationality, primary_team_id, club, position, role_tags_json, age)
VALUES ('p-w26-g3-14', 'Sam Horváth', 'BE', 'team-w26-g3', NULL, 'FW', '[]', 33);
INSERT OR IGNORE INTO squad_players (squad_id, player_id, shirt_number, listed_position, status)
VALUES ('sq-w26-g3', 'p-w26-g3-14', 14, 'RW', 'available');
INSERT OR IGNORE INTO players (id, name, nationality, primary_team_id, club, position, role_tags_json, age)
VALUES ('p-w26-g3-09', 'Noah Dupont', 'BE', 'team-w26-g3', NULL, 'FW', '[]', 29);
INSERT OR IGNORE INTO squad_players (squad_id, player_id, shirt_number, listed_position, status)
VALUES ('sq-w26-g3', 'p-w26-g3-09', 9, 'ST', 'available');
INSERT OR IGNORE INTO players (id, name, nationality, primary_team_id, club, position, role_tags_json, age)
VALUES ('p-w26-g3-12', 'Luis Rossi', 'BE', 'team-w26-g3', NULL, 'GK', '[]', 31);
INSERT OR IGNORE INTO squad_players (squad_id, player_id, shirt_number, listed_position, status)
VALUES ('sq-w26-g3', 'p-w26-g3-12', 12, 'GK', 'available');
INSERT OR IGNORE INTO players (id, name, nationality, primary_team_id, club, position, role_tags_json, age)
VALUES ('p-w26-g3-13', 'Tom Benali', 'BE', 'team-w26-g3', NULL, 'DF', '[]', 32);
INSERT OR IGNORE INTO squad_players (squad_id, player_id, shirt_number, listed_position, status)
VALUES ('sq-w26-g3', 'p-w26-g3-13', 13, 'CB', 'available');
INSERT OR IGNORE INTO players (id, name, nationality, primary_team_id, club, position, role_tags_json, age)
VALUES ('p-w26-g3-15', 'Alex Santos', 'BE', 'team-w26-g3', NULL, 'MF', '[]', 22);
INSERT OR IGNORE INTO squad_players (squad_id, player_id, shirt_number, listed_position, status)
VALUES ('sq-w26-g3', 'p-w26-g3-15', 15, 'CM', 'available');
INSERT OR IGNORE INTO players (id, name, nationality, primary_team_id, club, position, role_tags_json, age)
VALUES ('p-w26-g3-16', 'Marco Costa', 'BE', 'team-w26-g3', NULL, 'FW', '[]', 23);
INSERT OR IGNORE INTO squad_players (squad_id, player_id, shirt_number, listed_position, status)
VALUES ('sq-w26-g3', 'p-w26-g3-16', 16, 'ST', 'available');

INSERT OR IGNORE INTO squads (id, tournament_id, team_id, source_id, is_official, confidence, announced_at)
VALUES ('sq-w26-g4', 't-2026', 'team-w26-g4', 'src-mock', 1, 0.82, '2026-05-15T12:00:00Z');

INSERT OR IGNORE INTO players (id, name, nationality, primary_team_id, club, position, role_tags_json, age)
VALUES ('p-w26-g4-01', 'Sven Benali', 'EG', 'team-w26-g4', NULL, 'GK', '[]', 24);
INSERT OR IGNORE INTO squad_players (squad_id, player_id, shirt_number, listed_position, status)
VALUES ('sq-w26-g4', 'p-w26-g4-01', 1, 'GK', 'available');
INSERT OR IGNORE INTO players (id, name, nationality, primary_team_id, club, position, role_tags_json, age)
VALUES ('p-w26-g4-02', 'Mateo Benali', 'EG', 'team-w26-g4', NULL, 'DF', '[]', 23);
INSERT OR IGNORE INTO squad_players (squad_id, player_id, shirt_number, listed_position, status)
VALUES ('sq-w26-g4', 'p-w26-g4-02', 2, 'RB', 'available');
INSERT OR IGNORE INTO players (id, name, nationality, primary_team_id, club, position, role_tags_json, age)
VALUES ('p-w26-g4-03', 'Kenji Benali', 'EG', 'team-w26-g4', NULL, 'DF', '[]', 22);
INSERT OR IGNORE INTO squad_players (squad_id, player_id, shirt_number, listed_position, status)
VALUES ('sq-w26-g4', 'p-w26-g4-03', 3, 'CB', 'available');
INSERT OR IGNORE INTO players (id, name, nationality, primary_team_id, club, position, role_tags_json, age)
VALUES ('p-w26-g4-04', 'Ivan Benali', 'EG', 'team-w26-g4', NULL, 'DF', '[]', 33);
INSERT OR IGNORE INTO squad_players (squad_id, player_id, shirt_number, listed_position, status)
VALUES ('sq-w26-g4', 'p-w26-g4-04', 4, 'CB', 'available');
INSERT OR IGNORE INTO players (id, name, nationality, primary_team_id, club, position, role_tags_json, age)
VALUES ('p-w26-g4-05', 'Diego Benali', 'EG', 'team-w26-g4', NULL, 'DF', '[]', 32);
INSERT OR IGNORE INTO squad_players (squad_id, player_id, shirt_number, listed_position, status)
VALUES ('sq-w26-g4', 'p-w26-g4-05', 5, 'LB', 'available');
INSERT OR IGNORE INTO players (id, name, nationality, primary_team_id, club, position, role_tags_json, age)
VALUES ('p-w26-g4-06', 'Yuki Benali', 'EG', 'team-w26-g4', NULL, 'MF', '[]', 31);
INSERT OR IGNORE INTO squad_players (squad_id, player_id, shirt_number, listed_position, status)
VALUES ('sq-w26-g4', 'p-w26-g4-06', 6, 'DM', 'available');
INSERT OR IGNORE INTO players (id, name, nationality, primary_team_id, club, position, role_tags_json, age)
VALUES ('p-w26-g4-07', 'Omar Benali', 'EG', 'team-w26-g4', NULL, 'MF', '[]', 30);
INSERT OR IGNORE INTO squad_players (squad_id, player_id, shirt_number, listed_position, status)
VALUES ('sq-w26-g4', 'p-w26-g4-07', 7, 'CM', 'available');
INSERT OR IGNORE INTO players (id, name, nationality, primary_team_id, club, position, role_tags_json, age)
VALUES ('p-w26-g4-08', 'Noah Benali', 'EG', 'team-w26-g4', NULL, 'MF', '[]', 29);
INSERT OR IGNORE INTO squad_players (squad_id, player_id, shirt_number, listed_position, status)
VALUES ('sq-w26-g4', 'p-w26-g4-08', 8, 'CM', 'available');
INSERT OR IGNORE INTO players (id, name, nationality, primary_team_id, club, position, role_tags_json, age)
VALUES ('p-w26-g4-10', 'Diego Weber', 'EG', 'team-w26-g4', NULL, 'MF', '[]', 24);
INSERT OR IGNORE INTO squad_players (squad_id, player_id, shirt_number, listed_position, status)
VALUES ('sq-w26-g4', 'p-w26-g4-10', 10, 'AM', 'available');
INSERT OR IGNORE INTO players (id, name, nationality, primary_team_id, club, position, role_tags_json, age)
VALUES ('p-w26-g4-11', 'Ivan Lee', 'EG', 'team-w26-g4', NULL, 'FW', '[]', 25);
INSERT OR IGNORE INTO squad_players (squad_id, player_id, shirt_number, listed_position, status)
VALUES ('sq-w26-g4', 'p-w26-g4-11', 11, 'LW', 'available');
INSERT OR IGNORE INTO players (id, name, nationality, primary_team_id, club, position, role_tags_json, age)
VALUES ('p-w26-g4-14', 'Sven Müller', 'EG', 'team-w26-g4', NULL, 'FW', '[]', 28);
INSERT OR IGNORE INTO squad_players (squad_id, player_id, shirt_number, listed_position, status)
VALUES ('sq-w26-g4', 'p-w26-g4-14', 14, 'RW', 'available');
INSERT OR IGNORE INTO players (id, name, nationality, primary_team_id, club, position, role_tags_json, age)
VALUES ('p-w26-g4-09', 'Lucas Benali', 'EG', 'team-w26-g4', NULL, 'FW', '[]', 28);
INSERT OR IGNORE INTO squad_players (squad_id, player_id, shirt_number, listed_position, status)
VALUES ('sq-w26-g4', 'p-w26-g4-09', 9, 'ST', 'available');
INSERT OR IGNORE INTO players (id, name, nationality, primary_team_id, club, position, role_tags_json, age)
VALUES ('p-w26-g4-12', 'Kenji Silva', 'EG', 'team-w26-g4', NULL, 'GK', '[]', 26);
INSERT OR IGNORE INTO squad_players (squad_id, player_id, shirt_number, listed_position, status)
VALUES ('sq-w26-g4', 'p-w26-g4-12', 12, 'GK', 'available');
INSERT OR IGNORE INTO players (id, name, nationality, primary_team_id, club, position, role_tags_json, age)
VALUES ('p-w26-g4-13', 'Mateo Novák', 'EG', 'team-w26-g4', NULL, 'DF', '[]', 27);
INSERT OR IGNORE INTO squad_players (squad_id, player_id, shirt_number, listed_position, status)
VALUES ('sq-w26-g4', 'p-w26-g4-13', 13, 'CB', 'available');
INSERT OR IGNORE INTO players (id, name, nationality, primary_team_id, club, position, role_tags_json, age)
VALUES ('p-w26-g4-15', 'Hassan Petrov', 'EG', 'team-w26-g4', NULL, 'MF', '[]', 29);
INSERT OR IGNORE INTO squad_players (squad_id, player_id, shirt_number, listed_position, status)
VALUES ('sq-w26-g4', 'p-w26-g4-15', 15, 'CM', 'available');
INSERT OR IGNORE INTO players (id, name, nationality, primary_team_id, club, position, role_tags_json, age)
VALUES ('p-w26-g4-16', 'Pierre Tanaka', 'EG', 'team-w26-g4', NULL, 'FW', '[]', 30);
INSERT OR IGNORE INTO squad_players (squad_id, player_id, shirt_number, listed_position, status)
VALUES ('sq-w26-g4', 'p-w26-g4-16', 16, 'ST', 'available');

INSERT OR IGNORE INTO squads (id, tournament_id, team_id, source_id, is_official, confidence, announced_at)
VALUES ('sq-w26-h1', 't-2026', 'team-w26-h1', 'src-mock', 1, 0.82, '2026-05-15T12:00:00Z');

INSERT OR IGNORE INTO players (id, name, nationality, primary_team_id, club, position, role_tags_json, age)
VALUES ('p-w26-h1-01', 'Lucas García', 'SA', 'team-w26-h1', NULL, 'GK', '[]', 32);
INSERT OR IGNORE INTO squad_players (squad_id, player_id, shirt_number, listed_position, status)
VALUES ('sq-w26-h1', 'p-w26-h1-01', 1, 'GK', 'available');
INSERT OR IGNORE INTO players (id, name, nationality, primary_team_id, club, position, role_tags_json, age)
VALUES ('p-w26-h1-02', 'Marco García', 'SA', 'team-w26-h1', NULL, 'DF', '[]', 31);
INSERT OR IGNORE INTO squad_players (squad_id, player_id, shirt_number, listed_position, status)
VALUES ('sq-w26-h1', 'p-w26-h1-02', 2, 'RB', 'available');
INSERT OR IGNORE INTO players (id, name, nationality, primary_team_id, club, position, role_tags_json, age)
VALUES ('p-w26-h1-03', 'Alex García', 'SA', 'team-w26-h1', NULL, 'DF', '[]', 30);
INSERT OR IGNORE INTO squad_players (squad_id, player_id, shirt_number, listed_position, status)
VALUES ('sq-w26-h1', 'p-w26-h1-03', 3, 'CB', 'available');
INSERT OR IGNORE INTO players (id, name, nationality, primary_team_id, club, position, role_tags_json, age)
VALUES ('p-w26-h1-04', 'Sam García', 'SA', 'team-w26-h1', NULL, 'DF', '[]', 29);
INSERT OR IGNORE INTO squad_players (squad_id, player_id, shirt_number, listed_position, status)
VALUES ('sq-w26-h1', 'p-w26-h1-04', 4, 'CB', 'available');
INSERT OR IGNORE INTO players (id, name, nationality, primary_team_id, club, position, role_tags_json, age)
VALUES ('p-w26-h1-05', 'Tom García', 'SA', 'team-w26-h1', NULL, 'DF', '[]', 28);
INSERT OR IGNORE INTO squad_players (squad_id, player_id, shirt_number, listed_position, status)
VALUES ('sq-w26-h1', 'p-w26-h1-05', 5, 'LB', 'available');
INSERT OR IGNORE INTO players (id, name, nationality, primary_team_id, club, position, role_tags_json, age)
VALUES ('p-w26-h1-06', 'Luis García', 'SA', 'team-w26-h1', NULL, 'MF', '[]', 27);
INSERT OR IGNORE INTO squad_players (squad_id, player_id, shirt_number, listed_position, status)
VALUES ('sq-w26-h1', 'p-w26-h1-06', 6, 'DM', 'available');
INSERT OR IGNORE INTO players (id, name, nationality, primary_team_id, club, position, role_tags_json, age)
VALUES ('p-w26-h1-07', 'André García', 'SA', 'team-w26-h1', NULL, 'MF', '[]', 26);
INSERT OR IGNORE INTO squad_players (squad_id, player_id, shirt_number, listed_position, status)
VALUES ('sq-w26-h1', 'p-w26-h1-07', 7, 'CM', 'available');
INSERT OR IGNORE INTO players (id, name, nationality, primary_team_id, club, position, role_tags_json, age)
VALUES ('p-w26-h1-08', 'Carlos García', 'SA', 'team-w26-h1', NULL, 'MF', '[]', 25);
INSERT OR IGNORE INTO squad_players (squad_id, player_id, shirt_number, listed_position, status)
VALUES ('sq-w26-h1', 'p-w26-h1-08', 8, 'CM', 'available');
INSERT OR IGNORE INTO players (id, name, nationality, primary_team_id, club, position, role_tags_json, age)
VALUES ('p-w26-h1-10', 'Erik Müller', 'SA', 'team-w26-h1', NULL, 'MF', '[]', 28);
INSERT OR IGNORE INTO squad_players (squad_id, player_id, shirt_number, listed_position, status)
VALUES ('sq-w26-h1', 'p-w26-h1-10', 10, 'AM', 'available');
INSERT OR IGNORE INTO players (id, name, nationality, primary_team_id, club, position, role_tags_json, age)
VALUES ('p-w26-h1-11', 'Carlos Petrov', 'SA', 'team-w26-h1', NULL, 'FW', '[]', 29);
INSERT OR IGNORE INTO squad_players (squad_id, player_id, shirt_number, listed_position, status)
VALUES ('sq-w26-h1', 'p-w26-h1-11', 11, 'LW', 'available');
INSERT OR IGNORE INTO players (id, name, nationality, primary_team_id, club, position, role_tags_json, age)
VALUES ('p-w26-h1-14', 'Tom Dupont', 'SA', 'team-w26-h1', NULL, 'FW', '[]', 32);
INSERT OR IGNORE INTO squad_players (squad_id, player_id, shirt_number, listed_position, status)
VALUES ('sq-w26-h1', 'p-w26-h1-14', 14, 'RW', 'available');
INSERT OR IGNORE INTO players (id, name, nationality, primary_team_id, club, position, role_tags_json, age)
VALUES ('p-w26-h1-09', 'Erik García', 'SA', 'team-w26-h1', NULL, 'FW', '[]', 24);
INSERT OR IGNORE INTO squad_players (squad_id, player_id, shirt_number, listed_position, status)
VALUES ('sq-w26-h1', 'p-w26-h1-09', 9, 'ST', 'available');
INSERT OR IGNORE INTO players (id, name, nationality, primary_team_id, club, position, role_tags_json, age)
VALUES ('p-w26-h1-12', 'André Tanaka', 'SA', 'team-w26-h1', NULL, 'GK', '[]', 30);
INSERT OR IGNORE INTO squad_players (squad_id, player_id, shirt_number, listed_position, status)
VALUES ('sq-w26-h1', 'p-w26-h1-12', 12, 'GK', 'available');
INSERT OR IGNORE INTO players (id, name, nationality, primary_team_id, club, position, role_tags_json, age)
VALUES ('p-w26-h1-13', 'Luis Johansson', 'SA', 'team-w26-h1', NULL, 'DF', '[]', 31);
INSERT OR IGNORE INTO squad_players (squad_id, player_id, shirt_number, listed_position, status)
VALUES ('sq-w26-h1', 'p-w26-h1-13', 13, 'CB', 'available');
INSERT OR IGNORE INTO players (id, name, nationality, primary_team_id, club, position, role_tags_json, age)
VALUES ('p-w26-h1-15', 'Sam Nielsen', 'SA', 'team-w26-h1', NULL, 'MF', '[]', 33);
INSERT OR IGNORE INTO squad_players (squad_id, player_id, shirt_number, listed_position, status)
VALUES ('sq-w26-h1', 'p-w26-h1-15', 15, 'CM', 'available');
INSERT OR IGNORE INTO players (id, name, nationality, primary_team_id, club, position, role_tags_json, age)
VALUES ('p-w26-h1-16', 'Alex Weber', 'SA', 'team-w26-h1', NULL, 'FW', '[]', 22);
INSERT OR IGNORE INTO squad_players (squad_id, player_id, shirt_number, listed_position, status)
VALUES ('sq-w26-h1', 'p-w26-h1-16', 16, 'ST', 'available');

INSERT OR IGNORE INTO squads (id, tournament_id, team_id, source_id, is_official, confidence, announced_at)
VALUES ('sq-w26-h2', 't-2026', 'team-w26-h2', 'src-mock', 1, 0.82, '2026-05-15T12:00:00Z');

INSERT OR IGNORE INTO players (id, name, nationality, primary_team_id, club, position, role_tags_json, age)
VALUES ('p-w26-h2-01', 'Marco Novák', 'UY', 'team-w26-h2', NULL, 'GK', '[]', 31);
INSERT OR IGNORE INTO squad_players (squad_id, player_id, shirt_number, listed_position, status)
VALUES ('sq-w26-h2', 'p-w26-h2-01', 1, 'GK', 'available');
INSERT OR IGNORE INTO players (id, name, nationality, primary_team_id, club, position, role_tags_json, age)
VALUES ('p-w26-h2-02', 'Alex Novák', 'UY', 'team-w26-h2', NULL, 'DF', '[]', 30);
INSERT OR IGNORE INTO squad_players (squad_id, player_id, shirt_number, listed_position, status)
VALUES ('sq-w26-h2', 'p-w26-h2-02', 2, 'RB', 'available');
INSERT OR IGNORE INTO players (id, name, nationality, primary_team_id, club, position, role_tags_json, age)
VALUES ('p-w26-h2-03', 'Sam Novák', 'UY', 'team-w26-h2', NULL, 'DF', '[]', 29);
INSERT OR IGNORE INTO squad_players (squad_id, player_id, shirt_number, listed_position, status)
VALUES ('sq-w26-h2', 'p-w26-h2-03', 3, 'CB', 'available');
INSERT OR IGNORE INTO players (id, name, nationality, primary_team_id, club, position, role_tags_json, age)
VALUES ('p-w26-h2-04', 'Tom Novák', 'UY', 'team-w26-h2', NULL, 'DF', '[]', 28);
INSERT OR IGNORE INTO squad_players (squad_id, player_id, shirt_number, listed_position, status)
VALUES ('sq-w26-h2', 'p-w26-h2-04', 4, 'CB', 'available');
INSERT OR IGNORE INTO players (id, name, nationality, primary_team_id, club, position, role_tags_json, age)
VALUES ('p-w26-h2-05', 'Luis Novák', 'UY', 'team-w26-h2', NULL, 'DF', '[]', 27);
INSERT OR IGNORE INTO squad_players (squad_id, player_id, shirt_number, listed_position, status)
VALUES ('sq-w26-h2', 'p-w26-h2-05', 5, 'LB', 'available');
INSERT OR IGNORE INTO players (id, name, nationality, primary_team_id, club, position, role_tags_json, age)
VALUES ('p-w26-h2-06', 'André Novák', 'UY', 'team-w26-h2', NULL, 'MF', '[]', 26);
INSERT OR IGNORE INTO squad_players (squad_id, player_id, shirt_number, listed_position, status)
VALUES ('sq-w26-h2', 'p-w26-h2-06', 6, 'DM', 'available');
INSERT OR IGNORE INTO players (id, name, nationality, primary_team_id, club, position, role_tags_json, age)
VALUES ('p-w26-h2-07', 'Carlos Novák', 'UY', 'team-w26-h2', NULL, 'MF', '[]', 25);
INSERT OR IGNORE INTO squad_players (squad_id, player_id, shirt_number, listed_position, status)
VALUES ('sq-w26-h2', 'p-w26-h2-07', 7, 'CM', 'available');
INSERT OR IGNORE INTO players (id, name, nationality, primary_team_id, club, position, role_tags_json, age)
VALUES ('p-w26-h2-08', 'Erik Novák', 'UY', 'team-w26-h2', NULL, 'MF', '[]', 24);
INSERT OR IGNORE INTO squad_players (squad_id, player_id, shirt_number, listed_position, status)
VALUES ('sq-w26-h2', 'p-w26-h2-08', 8, 'CM', 'available');
INSERT OR IGNORE INTO players (id, name, nationality, primary_team_id, club, position, role_tags_json, age)
VALUES ('p-w26-h2-10', 'Yuki Santos', 'UY', 'team-w26-h2', NULL, 'MF', '[]', 23);
INSERT OR IGNORE INTO squad_players (squad_id, player_id, shirt_number, listed_position, status)
VALUES ('sq-w26-h2', 'p-w26-h2-10', 10, 'AM', 'available');
INSERT OR IGNORE INTO players (id, name, nationality, primary_team_id, club, position, role_tags_json, age)
VALUES ('p-w26-h2-11', 'Diego Costa', 'UY', 'team-w26-h2', NULL, 'FW', '[]', 24);
INSERT OR IGNORE INTO squad_players (squad_id, player_id, shirt_number, listed_position, status)
VALUES ('sq-w26-h2', 'p-w26-h2-11', 11, 'LW', 'available');
INSERT OR IGNORE INTO players (id, name, nationality, primary_team_id, club, position, role_tags_json, age)
VALUES ('p-w26-h2-14', 'Mateo García', 'UY', 'team-w26-h2', NULL, 'FW', '[]', 27);
INSERT OR IGNORE INTO squad_players (squad_id, player_id, shirt_number, listed_position, status)
VALUES ('sq-w26-h2', 'p-w26-h2-14', 14, 'RW', 'available');
INSERT OR IGNORE INTO players (id, name, nationality, primary_team_id, club, position, role_tags_json, age)
VALUES ('p-w26-h2-09', 'Jan Novák', 'UY', 'team-w26-h2', NULL, 'FW', '[]', 23);
INSERT OR IGNORE INTO squad_players (squad_id, player_id, shirt_number, listed_position, status)
VALUES ('sq-w26-h2', 'p-w26-h2-09', 9, 'ST', 'available');
INSERT OR IGNORE INTO players (id, name, nationality, primary_team_id, club, position, role_tags_json, age)
VALUES ('p-w26-h2-12', 'Ivan Brown', 'UY', 'team-w26-h2', NULL, 'GK', '[]', 25);
INSERT OR IGNORE INTO squad_players (squad_id, player_id, shirt_number, listed_position, status)
VALUES ('sq-w26-h2', 'p-w26-h2-12', 12, 'GK', 'available');
INSERT OR IGNORE INTO players (id, name, nationality, primary_team_id, club, position, role_tags_json, age)
VALUES ('p-w26-h2-13', 'Kenji Kim', 'UY', 'team-w26-h2', NULL, 'DF', '[]', 26);
INSERT OR IGNORE INTO squad_players (squad_id, player_id, shirt_number, listed_position, status)
VALUES ('sq-w26-h2', 'p-w26-h2-13', 13, 'CB', 'available');
INSERT OR IGNORE INTO players (id, name, nationality, primary_team_id, club, position, role_tags_json, age)
VALUES ('p-w26-h2-15', 'Sven Okonkwo', 'UY', 'team-w26-h2', NULL, 'MF', '[]', 28);
INSERT OR IGNORE INTO squad_players (squad_id, player_id, shirt_number, listed_position, status)
VALUES ('sq-w26-h2', 'p-w26-h2-15', 15, 'CM', 'available');
INSERT OR IGNORE INTO players (id, name, nationality, primary_team_id, club, position, role_tags_json, age)
VALUES ('p-w26-h2-16', 'Hassan Ali', 'UY', 'team-w26-h2', NULL, 'FW', '[]', 29);
INSERT OR IGNORE INTO squad_players (squad_id, player_id, shirt_number, listed_position, status)
VALUES ('sq-w26-h2', 'p-w26-h2-16', 16, 'ST', 'available');

INSERT OR IGNORE INTO squads (id, tournament_id, team_id, source_id, is_official, confidence, announced_at)
VALUES ('sq-w26-h3', 't-2026', 'team-w26-h3', 'src-mock', 1, 0.82, '2026-05-15T12:00:00Z');

INSERT OR IGNORE INTO players (id, name, nationality, primary_team_id, club, position, role_tags_json, age)
VALUES ('p-w26-h3-01', 'Alex Kim', 'ES', 'team-w26-h3', NULL, 'GK', '[]', 30);
INSERT OR IGNORE INTO squad_players (squad_id, player_id, shirt_number, listed_position, status)
VALUES ('sq-w26-h3', 'p-w26-h3-01', 1, 'GK', 'available');
INSERT OR IGNORE INTO players (id, name, nationality, primary_team_id, club, position, role_tags_json, age)
VALUES ('p-w26-h3-02', 'Sam Kim', 'ES', 'team-w26-h3', NULL, 'DF', '[]', 29);
INSERT OR IGNORE INTO squad_players (squad_id, player_id, shirt_number, listed_position, status)
VALUES ('sq-w26-h3', 'p-w26-h3-02', 2, 'RB', 'available');
INSERT OR IGNORE INTO players (id, name, nationality, primary_team_id, club, position, role_tags_json, age)
VALUES ('p-w26-h3-03', 'Tom Kim', 'ES', 'team-w26-h3', NULL, 'DF', '[]', 28);
INSERT OR IGNORE INTO squad_players (squad_id, player_id, shirt_number, listed_position, status)
VALUES ('sq-w26-h3', 'p-w26-h3-03', 3, 'CB', 'available');
INSERT OR IGNORE INTO players (id, name, nationality, primary_team_id, club, position, role_tags_json, age)
VALUES ('p-w26-h3-04', 'Luis Kim', 'ES', 'team-w26-h3', NULL, 'DF', '[]', 27);
INSERT OR IGNORE INTO squad_players (squad_id, player_id, shirt_number, listed_position, status)
VALUES ('sq-w26-h3', 'p-w26-h3-04', 4, 'CB', 'available');
INSERT OR IGNORE INTO players (id, name, nationality, primary_team_id, club, position, role_tags_json, age)
VALUES ('p-w26-h3-05', 'André Kim', 'ES', 'team-w26-h3', NULL, 'DF', '[]', 26);
INSERT OR IGNORE INTO squad_players (squad_id, player_id, shirt_number, listed_position, status)
VALUES ('sq-w26-h3', 'p-w26-h3-05', 5, 'LB', 'available');
INSERT OR IGNORE INTO players (id, name, nationality, primary_team_id, club, position, role_tags_json, age)
VALUES ('p-w26-h3-06', 'Carlos Kim', 'ES', 'team-w26-h3', NULL, 'MF', '[]', 25);
INSERT OR IGNORE INTO squad_players (squad_id, player_id, shirt_number, listed_position, status)
VALUES ('sq-w26-h3', 'p-w26-h3-06', 6, 'DM', 'available');
INSERT OR IGNORE INTO players (id, name, nationality, primary_team_id, club, position, role_tags_json, age)
VALUES ('p-w26-h3-07', 'Erik Kim', 'ES', 'team-w26-h3', NULL, 'MF', '[]', 24);
INSERT OR IGNORE INTO squad_players (squad_id, player_id, shirt_number, listed_position, status)
VALUES ('sq-w26-h3', 'p-w26-h3-07', 7, 'CM', 'available');
INSERT OR IGNORE INTO players (id, name, nationality, primary_team_id, club, position, role_tags_json, age)
VALUES ('p-w26-h3-08', 'Jan Kim', 'ES', 'team-w26-h3', NULL, 'MF', '[]', 23);
INSERT OR IGNORE INTO squad_players (squad_id, player_id, shirt_number, listed_position, status)
VALUES ('sq-w26-h3', 'p-w26-h3-08', 8, 'CM', 'available');
INSERT OR IGNORE INTO players (id, name, nationality, primary_team_id, club, position, role_tags_json, age)
VALUES ('p-w26-h3-10', 'André Petrov', 'ES', 'team-w26-h3', NULL, 'MF', '[]', 30);
INSERT OR IGNORE INTO squad_players (squad_id, player_id, shirt_number, listed_position, status)
VALUES ('sq-w26-h3', 'p-w26-h3-10', 10, 'AM', 'available');
INSERT OR IGNORE INTO players (id, name, nationality, primary_team_id, club, position, role_tags_json, age)
VALUES ('p-w26-h3-11', 'Luis Tanaka', 'ES', 'team-w26-h3', NULL, 'FW', '[]', 31);
INSERT OR IGNORE INTO squad_players (squad_id, player_id, shirt_number, listed_position, status)
VALUES ('sq-w26-h3', 'p-w26-h3-11', 11, 'LW', 'available');
INSERT OR IGNORE INTO players (id, name, nationality, primary_team_id, club, position, role_tags_json, age)
VALUES ('p-w26-h3-14', 'Alex Nielsen', 'ES', 'team-w26-h3', NULL, 'FW', '[]', 22);
INSERT OR IGNORE INTO squad_players (squad_id, player_id, shirt_number, listed_position, status)
VALUES ('sq-w26-h3', 'p-w26-h3-14', 14, 'RW', 'available');
INSERT OR IGNORE INTO players (id, name, nationality, primary_team_id, club, position, role_tags_json, age)
VALUES ('p-w26-h3-09', 'Pierre Kim', 'ES', 'team-w26-h3', NULL, 'FW', '[]', 22);
INSERT OR IGNORE INTO squad_players (squad_id, player_id, shirt_number, listed_position, status)
VALUES ('sq-w26-h3', 'p-w26-h3-09', 9, 'ST', 'available');
INSERT OR IGNORE INTO players (id, name, nationality, primary_team_id, club, position, role_tags_json, age)
VALUES ('p-w26-h3-12', 'Tom Johansson', 'ES', 'team-w26-h3', NULL, 'GK', '[]', 32);
INSERT OR IGNORE INTO squad_players (squad_id, player_id, shirt_number, listed_position, status)
VALUES ('sq-w26-h3', 'p-w26-h3-12', 12, 'GK', 'available');
INSERT OR IGNORE INTO players (id, name, nationality, primary_team_id, club, position, role_tags_json, age)
VALUES ('p-w26-h3-13', 'Sam Dupont', 'ES', 'team-w26-h3', NULL, 'DF', '[]', 33);
INSERT OR IGNORE INTO squad_players (squad_id, player_id, shirt_number, listed_position, status)
VALUES ('sq-w26-h3', 'p-w26-h3-13', 13, 'CB', 'available');
INSERT OR IGNORE INTO players (id, name, nationality, primary_team_id, club, position, role_tags_json, age)
VALUES ('p-w26-h3-15', 'Marco Weber', 'ES', 'team-w26-h3', NULL, 'MF', '[]', 23);
INSERT OR IGNORE INTO squad_players (squad_id, player_id, shirt_number, listed_position, status)
VALUES ('sq-w26-h3', 'p-w26-h3-15', 15, 'CM', 'available');
INSERT OR IGNORE INTO players (id, name, nationality, primary_team_id, club, position, role_tags_json, age)
VALUES ('p-w26-h3-16', 'Lucas Lee', 'ES', 'team-w26-h3', NULL, 'FW', '[]', 24);
INSERT OR IGNORE INTO squad_players (squad_id, player_id, shirt_number, listed_position, status)
VALUES ('sq-w26-h3', 'p-w26-h3-16', 16, 'ST', 'available');

INSERT OR IGNORE INTO squads (id, tournament_id, team_id, source_id, is_official, confidence, announced_at)
VALUES ('sq-w26-h4', 't-2026', 'team-w26-h4', 'src-mock', 1, 0.82, '2026-05-15T12:00:00Z');

INSERT OR IGNORE INTO players (id, name, nationality, primary_team_id, club, position, role_tags_json, age)
VALUES ('p-w26-h4-01', 'Sam Silva', 'CV', 'team-w26-h4', NULL, 'GK', '[]', 29);
INSERT OR IGNORE INTO squad_players (squad_id, player_id, shirt_number, listed_position, status)
VALUES ('sq-w26-h4', 'p-w26-h4-01', 1, 'GK', 'available');
INSERT OR IGNORE INTO players (id, name, nationality, primary_team_id, club, position, role_tags_json, age)
VALUES ('p-w26-h4-02', 'Tom Silva', 'CV', 'team-w26-h4', NULL, 'DF', '[]', 28);
INSERT OR IGNORE INTO squad_players (squad_id, player_id, shirt_number, listed_position, status)
VALUES ('sq-w26-h4', 'p-w26-h4-02', 2, 'RB', 'available');
INSERT OR IGNORE INTO players (id, name, nationality, primary_team_id, club, position, role_tags_json, age)
VALUES ('p-w26-h4-03', 'Luis Silva', 'CV', 'team-w26-h4', NULL, 'DF', '[]', 27);
INSERT OR IGNORE INTO squad_players (squad_id, player_id, shirt_number, listed_position, status)
VALUES ('sq-w26-h4', 'p-w26-h4-03', 3, 'CB', 'available');
INSERT OR IGNORE INTO players (id, name, nationality, primary_team_id, club, position, role_tags_json, age)
VALUES ('p-w26-h4-04', 'André Silva', 'CV', 'team-w26-h4', NULL, 'DF', '[]', 26);
INSERT OR IGNORE INTO squad_players (squad_id, player_id, shirt_number, listed_position, status)
VALUES ('sq-w26-h4', 'p-w26-h4-04', 4, 'CB', 'available');
INSERT OR IGNORE INTO players (id, name, nationality, primary_team_id, club, position, role_tags_json, age)
VALUES ('p-w26-h4-05', 'Carlos Silva', 'CV', 'team-w26-h4', NULL, 'DF', '[]', 25);
INSERT OR IGNORE INTO squad_players (squad_id, player_id, shirt_number, listed_position, status)
VALUES ('sq-w26-h4', 'p-w26-h4-05', 5, 'LB', 'available');
INSERT OR IGNORE INTO players (id, name, nationality, primary_team_id, club, position, role_tags_json, age)
VALUES ('p-w26-h4-06', 'Erik Silva', 'CV', 'team-w26-h4', NULL, 'MF', '[]', 24);
INSERT OR IGNORE INTO squad_players (squad_id, player_id, shirt_number, listed_position, status)
VALUES ('sq-w26-h4', 'p-w26-h4-06', 6, 'DM', 'available');
INSERT OR IGNORE INTO players (id, name, nationality, primary_team_id, club, position, role_tags_json, age)
VALUES ('p-w26-h4-07', 'Jan Silva', 'CV', 'team-w26-h4', NULL, 'MF', '[]', 23);
INSERT OR IGNORE INTO squad_players (squad_id, player_id, shirt_number, listed_position, status)
VALUES ('sq-w26-h4', 'p-w26-h4-07', 7, 'CM', 'available');
INSERT OR IGNORE INTO players (id, name, nationality, primary_team_id, club, position, role_tags_json, age)
VALUES ('p-w26-h4-08', 'Pierre Silva', 'CV', 'team-w26-h4', NULL, 'MF', '[]', 22);
INSERT OR IGNORE INTO squad_players (squad_id, player_id, shirt_number, listed_position, status)
VALUES ('sq-w26-h4', 'p-w26-h4-08', 8, 'CM', 'available');
INSERT OR IGNORE INTO players (id, name, nationality, primary_team_id, club, position, role_tags_json, age)
VALUES ('p-w26-h4-10', 'Ivan Costa', 'CV', 'team-w26-h4', NULL, 'MF', '[]', 25);
INSERT OR IGNORE INTO squad_players (squad_id, player_id, shirt_number, listed_position, status)
VALUES ('sq-w26-h4', 'p-w26-h4-10', 10, 'AM', 'available');
INSERT OR IGNORE INTO players (id, name, nationality, primary_team_id, club, position, role_tags_json, age)
VALUES ('p-w26-h4-11', 'Kenji Brown', 'CV', 'team-w26-h4', NULL, 'FW', '[]', 26);
INSERT OR IGNORE INTO squad_players (squad_id, player_id, shirt_number, listed_position, status)
VALUES ('sq-w26-h4', 'p-w26-h4-11', 11, 'LW', 'available');
INSERT OR IGNORE INTO players (id, name, nationality, primary_team_id, club, position, role_tags_json, age)
VALUES ('p-w26-h4-14', 'Hassan Okonkwo', 'CV', 'team-w26-h4', NULL, 'FW', '[]', 29);
INSERT OR IGNORE INTO squad_players (squad_id, player_id, shirt_number, listed_position, status)
VALUES ('sq-w26-h4', 'p-w26-h4-14', 14, 'RW', 'available');
INSERT OR IGNORE INTO players (id, name, nationality, primary_team_id, club, position, role_tags_json, age)
VALUES ('p-w26-h4-09', 'Hassan Silva', 'CV', 'team-w26-h4', NULL, 'FW', '[]', 33);
INSERT OR IGNORE INTO squad_players (squad_id, player_id, shirt_number, listed_position, status)
VALUES ('sq-w26-h4', 'p-w26-h4-09', 9, 'ST', 'available');
INSERT OR IGNORE INTO players (id, name, nationality, primary_team_id, club, position, role_tags_json, age)
VALUES ('p-w26-h4-12', 'Mateo Kim', 'CV', 'team-w26-h4', NULL, 'GK', '[]', 27);
INSERT OR IGNORE INTO squad_players (squad_id, player_id, shirt_number, listed_position, status)
VALUES ('sq-w26-h4', 'p-w26-h4-12', 12, 'GK', 'available');
INSERT OR IGNORE INTO players (id, name, nationality, primary_team_id, club, position, role_tags_json, age)
VALUES ('p-w26-h4-13', 'Sven García', 'CV', 'team-w26-h4', NULL, 'DF', '[]', 28);
INSERT OR IGNORE INTO squad_players (squad_id, player_id, shirt_number, listed_position, status)
VALUES ('sq-w26-h4', 'p-w26-h4-13', 13, 'CB', 'available');
INSERT OR IGNORE INTO players (id, name, nationality, primary_team_id, club, position, role_tags_json, age)
VALUES ('p-w26-h4-15', 'Pierre Ali', 'CV', 'team-w26-h4', NULL, 'MF', '[]', 30);
INSERT OR IGNORE INTO squad_players (squad_id, player_id, shirt_number, listed_position, status)
VALUES ('sq-w26-h4', 'p-w26-h4-15', 15, 'CM', 'available');
INSERT OR IGNORE INTO players (id, name, nationality, primary_team_id, club, position, role_tags_json, age)
VALUES ('p-w26-h4-16', 'Jan Rossi', 'CV', 'team-w26-h4', NULL, 'FW', '[]', 31);
INSERT OR IGNORE INTO squad_players (squad_id, player_id, shirt_number, listed_position, status)
VALUES ('sq-w26-h4', 'p-w26-h4-16', 16, 'ST', 'available');

INSERT OR IGNORE INTO squads (id, tournament_id, team_id, source_id, is_official, confidence, announced_at)
VALUES ('sq-w26-i1', 't-2026', 'team-w26-i1', 'src-mock', 1, 0.82, '2026-05-15T12:00:00Z');

INSERT OR IGNORE INTO players (id, name, nationality, primary_team_id, club, position, role_tags_json, age)
VALUES ('p-w26-i1-01', 'Hassan Dupont', 'FR', 'team-w26-i1', NULL, 'GK', '[]', 25);
INSERT OR IGNORE INTO squad_players (squad_id, player_id, shirt_number, listed_position, status)
VALUES ('sq-w26-i1', 'p-w26-i1-01', 1, 'GK', 'available');
INSERT OR IGNORE INTO players (id, name, nationality, primary_team_id, club, position, role_tags_json, age)
VALUES ('p-w26-i1-02', 'Sven Dupont', 'FR', 'team-w26-i1', NULL, 'DF', '[]', 24);
INSERT OR IGNORE INTO squad_players (squad_id, player_id, shirt_number, listed_position, status)
VALUES ('sq-w26-i1', 'p-w26-i1-02', 2, 'RB', 'available');
INSERT OR IGNORE INTO players (id, name, nationality, primary_team_id, club, position, role_tags_json, age)
VALUES ('p-w26-i1-03', 'Mateo Dupont', 'FR', 'team-w26-i1', NULL, 'DF', '[]', 23);
INSERT OR IGNORE INTO squad_players (squad_id, player_id, shirt_number, listed_position, status)
VALUES ('sq-w26-i1', 'p-w26-i1-03', 3, 'CB', 'available');
INSERT OR IGNORE INTO players (id, name, nationality, primary_team_id, club, position, role_tags_json, age)
VALUES ('p-w26-i1-04', 'Kenji Dupont', 'FR', 'team-w26-i1', NULL, 'DF', '[]', 22);
INSERT OR IGNORE INTO squad_players (squad_id, player_id, shirt_number, listed_position, status)
VALUES ('sq-w26-i1', 'p-w26-i1-04', 4, 'CB', 'available');
INSERT OR IGNORE INTO players (id, name, nationality, primary_team_id, club, position, role_tags_json, age)
VALUES ('p-w26-i1-05', 'Ivan Dupont', 'FR', 'team-w26-i1', NULL, 'DF', '[]', 33);
INSERT OR IGNORE INTO squad_players (squad_id, player_id, shirt_number, listed_position, status)
VALUES ('sq-w26-i1', 'p-w26-i1-05', 5, 'LB', 'available');
INSERT OR IGNORE INTO players (id, name, nationality, primary_team_id, club, position, role_tags_json, age)
VALUES ('p-w26-i1-06', 'Diego Dupont', 'FR', 'team-w26-i1', NULL, 'MF', '[]', 32);
INSERT OR IGNORE INTO squad_players (squad_id, player_id, shirt_number, listed_position, status)
VALUES ('sq-w26-i1', 'p-w26-i1-06', 6, 'DM', 'available');
INSERT OR IGNORE INTO players (id, name, nationality, primary_team_id, club, position, role_tags_json, age)
VALUES ('p-w26-i1-07', 'Yuki Dupont', 'FR', 'team-w26-i1', NULL, 'MF', '[]', 31);
INSERT OR IGNORE INTO squad_players (squad_id, player_id, shirt_number, listed_position, status)
VALUES ('sq-w26-i1', 'p-w26-i1-07', 7, 'CM', 'available');
INSERT OR IGNORE INTO players (id, name, nationality, primary_team_id, club, position, role_tags_json, age)
VALUES ('p-w26-i1-08', 'Omar Dupont', 'FR', 'team-w26-i1', NULL, 'MF', '[]', 30);
INSERT OR IGNORE INTO squad_players (squad_id, player_id, shirt_number, listed_position, status)
VALUES ('sq-w26-i1', 'p-w26-i1-08', 8, 'CM', 'available');
INSERT OR IGNORE INTO players (id, name, nationality, primary_team_id, club, position, role_tags_json, age)
VALUES ('p-w26-i1-10', 'Carlos Okonkwo', 'FR', 'team-w26-i1', NULL, 'MF', '[]', 29);
INSERT OR IGNORE INTO squad_players (squad_id, player_id, shirt_number, listed_position, status)
VALUES ('sq-w26-i1', 'p-w26-i1-10', 10, 'AM', 'available');
INSERT OR IGNORE INTO players (id, name, nationality, primary_team_id, club, position, role_tags_json, age)
VALUES ('p-w26-i1-11', 'André Ali', 'FR', 'team-w26-i1', NULL, 'FW', '[]', 30);
INSERT OR IGNORE INTO squad_players (squad_id, player_id, shirt_number, listed_position, status)
VALUES ('sq-w26-i1', 'p-w26-i1-11', 11, 'LW', 'available');
INSERT OR IGNORE INTO players (id, name, nationality, primary_team_id, club, position, role_tags_json, age)
VALUES ('p-w26-i1-14', 'Sam Horváth', 'FR', 'team-w26-i1', NULL, 'FW', '[]', 33);
INSERT OR IGNORE INTO squad_players (squad_id, player_id, shirt_number, listed_position, status)
VALUES ('sq-w26-i1', 'p-w26-i1-14', 14, 'RW', 'available');
INSERT OR IGNORE INTO players (id, name, nationality, primary_team_id, club, position, role_tags_json, age)
VALUES ('p-w26-i1-09', 'Noah Dupont', 'FR', 'team-w26-i1', NULL, 'FW', '[]', 29);
INSERT OR IGNORE INTO squad_players (squad_id, player_id, shirt_number, listed_position, status)
VALUES ('sq-w26-i1', 'p-w26-i1-09', 9, 'ST', 'available');
INSERT OR IGNORE INTO players (id, name, nationality, primary_team_id, club, position, role_tags_json, age)
VALUES ('p-w26-i1-12', 'Luis Rossi', 'FR', 'team-w26-i1', NULL, 'GK', '[]', 31);
INSERT OR IGNORE INTO squad_players (squad_id, player_id, shirt_number, listed_position, status)
VALUES ('sq-w26-i1', 'p-w26-i1-12', 12, 'GK', 'available');
INSERT OR IGNORE INTO players (id, name, nationality, primary_team_id, club, position, role_tags_json, age)
VALUES ('p-w26-i1-13', 'Tom Benali', 'FR', 'team-w26-i1', NULL, 'DF', '[]', 32);
INSERT OR IGNORE INTO squad_players (squad_id, player_id, shirt_number, listed_position, status)
VALUES ('sq-w26-i1', 'p-w26-i1-13', 13, 'CB', 'available');
INSERT OR IGNORE INTO players (id, name, nationality, primary_team_id, club, position, role_tags_json, age)
VALUES ('p-w26-i1-15', 'Alex Santos', 'FR', 'team-w26-i1', NULL, 'MF', '[]', 22);
INSERT OR IGNORE INTO squad_players (squad_id, player_id, shirt_number, listed_position, status)
VALUES ('sq-w26-i1', 'p-w26-i1-15', 15, 'CM', 'available');
INSERT OR IGNORE INTO players (id, name, nationality, primary_team_id, club, position, role_tags_json, age)
VALUES ('p-w26-i1-16', 'Marco Costa', 'FR', 'team-w26-i1', NULL, 'FW', '[]', 23);
INSERT OR IGNORE INTO squad_players (squad_id, player_id, shirt_number, listed_position, status)
VALUES ('sq-w26-i1', 'p-w26-i1-16', 16, 'ST', 'available');

INSERT OR IGNORE INTO squads (id, tournament_id, team_id, source_id, is_official, confidence, announced_at)
VALUES ('sq-w26-i2', 't-2026', 'team-w26-i2', 'src-mock', 1, 0.82, '2026-05-15T12:00:00Z');

INSERT OR IGNORE INTO players (id, name, nationality, primary_team_id, club, position, role_tags_json, age)
VALUES ('p-w26-i2-01', 'Sven Benali', 'SN', 'team-w26-i2', NULL, 'GK', '[]', 24);
INSERT OR IGNORE INTO squad_players (squad_id, player_id, shirt_number, listed_position, status)
VALUES ('sq-w26-i2', 'p-w26-i2-01', 1, 'GK', 'available');
INSERT OR IGNORE INTO players (id, name, nationality, primary_team_id, club, position, role_tags_json, age)
VALUES ('p-w26-i2-02', 'Mateo Benali', 'SN', 'team-w26-i2', NULL, 'DF', '[]', 23);
INSERT OR IGNORE INTO squad_players (squad_id, player_id, shirt_number, listed_position, status)
VALUES ('sq-w26-i2', 'p-w26-i2-02', 2, 'RB', 'available');
INSERT OR IGNORE INTO players (id, name, nationality, primary_team_id, club, position, role_tags_json, age)
VALUES ('p-w26-i2-03', 'Kenji Benali', 'SN', 'team-w26-i2', NULL, 'DF', '[]', 22);
INSERT OR IGNORE INTO squad_players (squad_id, player_id, shirt_number, listed_position, status)
VALUES ('sq-w26-i2', 'p-w26-i2-03', 3, 'CB', 'available');
INSERT OR IGNORE INTO players (id, name, nationality, primary_team_id, club, position, role_tags_json, age)
VALUES ('p-w26-i2-04', 'Ivan Benali', 'SN', 'team-w26-i2', NULL, 'DF', '[]', 33);
INSERT OR IGNORE INTO squad_players (squad_id, player_id, shirt_number, listed_position, status)
VALUES ('sq-w26-i2', 'p-w26-i2-04', 4, 'CB', 'available');
INSERT OR IGNORE INTO players (id, name, nationality, primary_team_id, club, position, role_tags_json, age)
VALUES ('p-w26-i2-05', 'Diego Benali', 'SN', 'team-w26-i2', NULL, 'DF', '[]', 32);
INSERT OR IGNORE INTO squad_players (squad_id, player_id, shirt_number, listed_position, status)
VALUES ('sq-w26-i2', 'p-w26-i2-05', 5, 'LB', 'available');
INSERT OR IGNORE INTO players (id, name, nationality, primary_team_id, club, position, role_tags_json, age)
VALUES ('p-w26-i2-06', 'Yuki Benali', 'SN', 'team-w26-i2', NULL, 'MF', '[]', 31);
INSERT OR IGNORE INTO squad_players (squad_id, player_id, shirt_number, listed_position, status)
VALUES ('sq-w26-i2', 'p-w26-i2-06', 6, 'DM', 'available');
INSERT OR IGNORE INTO players (id, name, nationality, primary_team_id, club, position, role_tags_json, age)
VALUES ('p-w26-i2-07', 'Omar Benali', 'SN', 'team-w26-i2', NULL, 'MF', '[]', 30);
INSERT OR IGNORE INTO squad_players (squad_id, player_id, shirt_number, listed_position, status)
VALUES ('sq-w26-i2', 'p-w26-i2-07', 7, 'CM', 'available');
INSERT OR IGNORE INTO players (id, name, nationality, primary_team_id, club, position, role_tags_json, age)
VALUES ('p-w26-i2-08', 'Noah Benali', 'SN', 'team-w26-i2', NULL, 'MF', '[]', 29);
INSERT OR IGNORE INTO squad_players (squad_id, player_id, shirt_number, listed_position, status)
VALUES ('sq-w26-i2', 'p-w26-i2-08', 8, 'CM', 'available');
INSERT OR IGNORE INTO players (id, name, nationality, primary_team_id, club, position, role_tags_json, age)
VALUES ('p-w26-i2-10', 'Diego Weber', 'SN', 'team-w26-i2', NULL, 'MF', '[]', 24);
INSERT OR IGNORE INTO squad_players (squad_id, player_id, shirt_number, listed_position, status)
VALUES ('sq-w26-i2', 'p-w26-i2-10', 10, 'AM', 'available');
INSERT OR IGNORE INTO players (id, name, nationality, primary_team_id, club, position, role_tags_json, age)
VALUES ('p-w26-i2-11', 'Ivan Lee', 'SN', 'team-w26-i2', NULL, 'FW', '[]', 25);
INSERT OR IGNORE INTO squad_players (squad_id, player_id, shirt_number, listed_position, status)
VALUES ('sq-w26-i2', 'p-w26-i2-11', 11, 'LW', 'available');
INSERT OR IGNORE INTO players (id, name, nationality, primary_team_id, club, position, role_tags_json, age)
VALUES ('p-w26-i2-14', 'Sven Müller', 'SN', 'team-w26-i2', NULL, 'FW', '[]', 28);
INSERT OR IGNORE INTO squad_players (squad_id, player_id, shirt_number, listed_position, status)
VALUES ('sq-w26-i2', 'p-w26-i2-14', 14, 'RW', 'available');
INSERT OR IGNORE INTO players (id, name, nationality, primary_team_id, club, position, role_tags_json, age)
VALUES ('p-w26-i2-09', 'Lucas Benali', 'SN', 'team-w26-i2', NULL, 'FW', '[]', 28);
INSERT OR IGNORE INTO squad_players (squad_id, player_id, shirt_number, listed_position, status)
VALUES ('sq-w26-i2', 'p-w26-i2-09', 9, 'ST', 'available');
INSERT OR IGNORE INTO players (id, name, nationality, primary_team_id, club, position, role_tags_json, age)
VALUES ('p-w26-i2-12', 'Kenji Silva', 'SN', 'team-w26-i2', NULL, 'GK', '[]', 26);
INSERT OR IGNORE INTO squad_players (squad_id, player_id, shirt_number, listed_position, status)
VALUES ('sq-w26-i2', 'p-w26-i2-12', 12, 'GK', 'available');
INSERT OR IGNORE INTO players (id, name, nationality, primary_team_id, club, position, role_tags_json, age)
VALUES ('p-w26-i2-13', 'Mateo Novák', 'SN', 'team-w26-i2', NULL, 'DF', '[]', 27);
INSERT OR IGNORE INTO squad_players (squad_id, player_id, shirt_number, listed_position, status)
VALUES ('sq-w26-i2', 'p-w26-i2-13', 13, 'CB', 'available');
INSERT OR IGNORE INTO players (id, name, nationality, primary_team_id, club, position, role_tags_json, age)
VALUES ('p-w26-i2-15', 'Hassan Petrov', 'SN', 'team-w26-i2', NULL, 'MF', '[]', 29);
INSERT OR IGNORE INTO squad_players (squad_id, player_id, shirt_number, listed_position, status)
VALUES ('sq-w26-i2', 'p-w26-i2-15', 15, 'CM', 'available');
INSERT OR IGNORE INTO players (id, name, nationality, primary_team_id, club, position, role_tags_json, age)
VALUES ('p-w26-i2-16', 'Pierre Tanaka', 'SN', 'team-w26-i2', NULL, 'FW', '[]', 30);
INSERT OR IGNORE INTO squad_players (squad_id, player_id, shirt_number, listed_position, status)
VALUES ('sq-w26-i2', 'p-w26-i2-16', 16, 'ST', 'available');

INSERT OR IGNORE INTO squads (id, tournament_id, team_id, source_id, is_official, confidence, announced_at)
VALUES ('sq-w26-i3', 't-2026', 'team-w26-i3', 'src-mock', 1, 0.82, '2026-05-15T12:00:00Z');

INSERT OR IGNORE INTO players (id, name, nationality, primary_team_id, club, position, role_tags_json, age)
VALUES ('p-w26-i3-01', 'Mateo Johansson', 'IQ', 'team-w26-i3', NULL, 'GK', '[]', 23);
INSERT OR IGNORE INTO squad_players (squad_id, player_id, shirt_number, listed_position, status)
VALUES ('sq-w26-i3', 'p-w26-i3-01', 1, 'GK', 'available');
INSERT OR IGNORE INTO players (id, name, nationality, primary_team_id, club, position, role_tags_json, age)
VALUES ('p-w26-i3-02', 'Kenji Johansson', 'IQ', 'team-w26-i3', NULL, 'DF', '[]', 22);
INSERT OR IGNORE INTO squad_players (squad_id, player_id, shirt_number, listed_position, status)
VALUES ('sq-w26-i3', 'p-w26-i3-02', 2, 'RB', 'available');
INSERT OR IGNORE INTO players (id, name, nationality, primary_team_id, club, position, role_tags_json, age)
VALUES ('p-w26-i3-03', 'Ivan Johansson', 'IQ', 'team-w26-i3', NULL, 'DF', '[]', 33);
INSERT OR IGNORE INTO squad_players (squad_id, player_id, shirt_number, listed_position, status)
VALUES ('sq-w26-i3', 'p-w26-i3-03', 3, 'CB', 'available');
INSERT OR IGNORE INTO players (id, name, nationality, primary_team_id, club, position, role_tags_json, age)
VALUES ('p-w26-i3-04', 'Diego Johansson', 'IQ', 'team-w26-i3', NULL, 'DF', '[]', 32);
INSERT OR IGNORE INTO squad_players (squad_id, player_id, shirt_number, listed_position, status)
VALUES ('sq-w26-i3', 'p-w26-i3-04', 4, 'CB', 'available');
INSERT OR IGNORE INTO players (id, name, nationality, primary_team_id, club, position, role_tags_json, age)
VALUES ('p-w26-i3-05', 'Yuki Johansson', 'IQ', 'team-w26-i3', NULL, 'DF', '[]', 31);
INSERT OR IGNORE INTO squad_players (squad_id, player_id, shirt_number, listed_position, status)
VALUES ('sq-w26-i3', 'p-w26-i3-05', 5, 'LB', 'available');
INSERT OR IGNORE INTO players (id, name, nationality, primary_team_id, club, position, role_tags_json, age)
VALUES ('p-w26-i3-06', 'Omar Johansson', 'IQ', 'team-w26-i3', NULL, 'MF', '[]', 30);
INSERT OR IGNORE INTO squad_players (squad_id, player_id, shirt_number, listed_position, status)
VALUES ('sq-w26-i3', 'p-w26-i3-06', 6, 'DM', 'available');
INSERT OR IGNORE INTO players (id, name, nationality, primary_team_id, club, position, role_tags_json, age)
VALUES ('p-w26-i3-07', 'Noah Johansson', 'IQ', 'team-w26-i3', NULL, 'MF', '[]', 29);
INSERT OR IGNORE INTO squad_players (squad_id, player_id, shirt_number, listed_position, status)
VALUES ('sq-w26-i3', 'p-w26-i3-07', 7, 'CM', 'available');
INSERT OR IGNORE INTO players (id, name, nationality, primary_team_id, club, position, role_tags_json, age)
VALUES ('p-w26-i3-08', 'Lucas Johansson', 'IQ', 'team-w26-i3', NULL, 'MF', '[]', 28);
INSERT OR IGNORE INTO squad_players (squad_id, player_id, shirt_number, listed_position, status)
VALUES ('sq-w26-i3', 'p-w26-i3-08', 8, 'CM', 'available');
INSERT OR IGNORE INTO players (id, name, nationality, primary_team_id, club, position, role_tags_json, age)
VALUES ('p-w26-i3-10', 'Luis Ali', 'IQ', 'team-w26-i3', NULL, 'MF', '[]', 31);
INSERT OR IGNORE INTO squad_players (squad_id, player_id, shirt_number, listed_position, status)
VALUES ('sq-w26-i3', 'p-w26-i3-10', 10, 'AM', 'available');
INSERT OR IGNORE INTO players (id, name, nationality, primary_team_id, club, position, role_tags_json, age)
VALUES ('p-w26-i3-11', 'Tom Rossi', 'IQ', 'team-w26-i3', NULL, 'FW', '[]', 32);
INSERT OR IGNORE INTO squad_players (squad_id, player_id, shirt_number, listed_position, status)
VALUES ('sq-w26-i3', 'p-w26-i3-11', 11, 'LW', 'available');
INSERT OR IGNORE INTO players (id, name, nationality, primary_team_id, club, position, role_tags_json, age)
VALUES ('p-w26-i3-14', 'Marco Santos', 'IQ', 'team-w26-i3', NULL, 'FW', '[]', 23);
INSERT OR IGNORE INTO squad_players (squad_id, player_id, shirt_number, listed_position, status)
VALUES ('sq-w26-i3', 'p-w26-i3-14', 14, 'RW', 'available');
INSERT OR IGNORE INTO players (id, name, nationality, primary_team_id, club, position, role_tags_json, age)
VALUES ('p-w26-i3-09', 'Marco Johansson', 'IQ', 'team-w26-i3', NULL, 'FW', '[]', 27);
INSERT OR IGNORE INTO squad_players (squad_id, player_id, shirt_number, listed_position, status)
VALUES ('sq-w26-i3', 'p-w26-i3-09', 9, 'ST', 'available');
INSERT OR IGNORE INTO players (id, name, nationality, primary_team_id, club, position, role_tags_json, age)
VALUES ('p-w26-i3-12', 'Sam Benali', 'IQ', 'team-w26-i3', NULL, 'GK', '[]', 33);
INSERT OR IGNORE INTO squad_players (squad_id, player_id, shirt_number, listed_position, status)
VALUES ('sq-w26-i3', 'p-w26-i3-12', 12, 'GK', 'available');
INSERT OR IGNORE INTO players (id, name, nationality, primary_team_id, club, position, role_tags_json, age)
VALUES ('p-w26-i3-13', 'Alex Horváth', 'IQ', 'team-w26-i3', NULL, 'DF', '[]', 22);
INSERT OR IGNORE INTO squad_players (squad_id, player_id, shirt_number, listed_position, status)
VALUES ('sq-w26-i3', 'p-w26-i3-13', 13, 'CB', 'available');
INSERT OR IGNORE INTO players (id, name, nationality, primary_team_id, club, position, role_tags_json, age)
VALUES ('p-w26-i3-15', 'Lucas Costa', 'IQ', 'team-w26-i3', NULL, 'MF', '[]', 24);
INSERT OR IGNORE INTO squad_players (squad_id, player_id, shirt_number, listed_position, status)
VALUES ('sq-w26-i3', 'p-w26-i3-15', 15, 'CM', 'available');
INSERT OR IGNORE INTO players (id, name, nationality, primary_team_id, club, position, role_tags_json, age)
VALUES ('p-w26-i3-16', 'Noah Brown', 'IQ', 'team-w26-i3', NULL, 'FW', '[]', 25);
INSERT OR IGNORE INTO squad_players (squad_id, player_id, shirt_number, listed_position, status)
VALUES ('sq-w26-i3', 'p-w26-i3-16', 16, 'ST', 'available');

INSERT OR IGNORE INTO squads (id, tournament_id, team_id, source_id, is_official, confidence, announced_at)
VALUES ('sq-w26-i4', 't-2026', 'team-w26-i4', 'src-mock', 1, 0.82, '2026-05-15T12:00:00Z');

INSERT OR IGNORE INTO players (id, name, nationality, primary_team_id, club, position, role_tags_json, age)
VALUES ('p-w26-i4-01', 'Kenji Rossi', 'NO', 'team-w26-i4', NULL, 'GK', '[]', 22);
INSERT OR IGNORE INTO squad_players (squad_id, player_id, shirt_number, listed_position, status)
VALUES ('sq-w26-i4', 'p-w26-i4-01', 1, 'GK', 'available');
INSERT OR IGNORE INTO players (id, name, nationality, primary_team_id, club, position, role_tags_json, age)
VALUES ('p-w26-i4-02', 'Ivan Rossi', 'NO', 'team-w26-i4', NULL, 'DF', '[]', 33);
INSERT OR IGNORE INTO squad_players (squad_id, player_id, shirt_number, listed_position, status)
VALUES ('sq-w26-i4', 'p-w26-i4-02', 2, 'RB', 'available');
INSERT OR IGNORE INTO players (id, name, nationality, primary_team_id, club, position, role_tags_json, age)
VALUES ('p-w26-i4-03', 'Diego Rossi', 'NO', 'team-w26-i4', NULL, 'DF', '[]', 32);
INSERT OR IGNORE INTO squad_players (squad_id, player_id, shirt_number, listed_position, status)
VALUES ('sq-w26-i4', 'p-w26-i4-03', 3, 'CB', 'available');
INSERT OR IGNORE INTO players (id, name, nationality, primary_team_id, club, position, role_tags_json, age)
VALUES ('p-w26-i4-04', 'Yuki Rossi', 'NO', 'team-w26-i4', NULL, 'DF', '[]', 31);
INSERT OR IGNORE INTO squad_players (squad_id, player_id, shirt_number, listed_position, status)
VALUES ('sq-w26-i4', 'p-w26-i4-04', 4, 'CB', 'available');
INSERT OR IGNORE INTO players (id, name, nationality, primary_team_id, club, position, role_tags_json, age)
VALUES ('p-w26-i4-05', 'Omar Rossi', 'NO', 'team-w26-i4', NULL, 'DF', '[]', 30);
INSERT OR IGNORE INTO squad_players (squad_id, player_id, shirt_number, listed_position, status)
VALUES ('sq-w26-i4', 'p-w26-i4-05', 5, 'LB', 'available');
INSERT OR IGNORE INTO players (id, name, nationality, primary_team_id, club, position, role_tags_json, age)
VALUES ('p-w26-i4-06', 'Noah Rossi', 'NO', 'team-w26-i4', NULL, 'MF', '[]', 29);
INSERT OR IGNORE INTO squad_players (squad_id, player_id, shirt_number, listed_position, status)
VALUES ('sq-w26-i4', 'p-w26-i4-06', 6, 'DM', 'available');
INSERT OR IGNORE INTO players (id, name, nationality, primary_team_id, club, position, role_tags_json, age)
VALUES ('p-w26-i4-07', 'Lucas Rossi', 'NO', 'team-w26-i4', NULL, 'MF', '[]', 28);
INSERT OR IGNORE INTO squad_players (squad_id, player_id, shirt_number, listed_position, status)
VALUES ('sq-w26-i4', 'p-w26-i4-07', 7, 'CM', 'available');
INSERT OR IGNORE INTO players (id, name, nationality, primary_team_id, club, position, role_tags_json, age)
VALUES ('p-w26-i4-08', 'Marco Rossi', 'NO', 'team-w26-i4', NULL, 'MF', '[]', 27);
INSERT OR IGNORE INTO squad_players (squad_id, player_id, shirt_number, listed_position, status)
VALUES ('sq-w26-i4', 'p-w26-i4-08', 8, 'CM', 'available');
INSERT OR IGNORE INTO players (id, name, nationality, primary_team_id, club, position, role_tags_json, age)
VALUES ('p-w26-i4-10', 'Kenji Lee', 'NO', 'team-w26-i4', NULL, 'MF', '[]', 26);
INSERT OR IGNORE INTO squad_players (squad_id, player_id, shirt_number, listed_position, status)
VALUES ('sq-w26-i4', 'p-w26-i4-10', 10, 'AM', 'available');
INSERT OR IGNORE INTO players (id, name, nationality, primary_team_id, club, position, role_tags_json, age)
VALUES ('p-w26-i4-11', 'Mateo Silva', 'NO', 'team-w26-i4', NULL, 'FW', '[]', 27);
INSERT OR IGNORE INTO squad_players (squad_id, player_id, shirt_number, listed_position, status)
VALUES ('sq-w26-i4', 'p-w26-i4-11', 11, 'LW', 'available');
INSERT OR IGNORE INTO players (id, name, nationality, primary_team_id, club, position, role_tags_json, age)
VALUES ('p-w26-i4-14', 'Pierre Petrov', 'NO', 'team-w26-i4', NULL, 'FW', '[]', 30);
INSERT OR IGNORE INTO squad_players (squad_id, player_id, shirt_number, listed_position, status)
VALUES ('sq-w26-i4', 'p-w26-i4-14', 14, 'RW', 'available');
INSERT OR IGNORE INTO players (id, name, nationality, primary_team_id, club, position, role_tags_json, age)
VALUES ('p-w26-i4-09', 'Alex Rossi', 'NO', 'team-w26-i4', NULL, 'FW', '[]', 26);
INSERT OR IGNORE INTO squad_players (squad_id, player_id, shirt_number, listed_position, status)
VALUES ('sq-w26-i4', 'p-w26-i4-09', 9, 'ST', 'available');
INSERT OR IGNORE INTO players (id, name, nationality, primary_team_id, club, position, role_tags_json, age)
VALUES ('p-w26-i4-12', 'Sven Novák', 'NO', 'team-w26-i4', NULL, 'GK', '[]', 28);
INSERT OR IGNORE INTO squad_players (squad_id, player_id, shirt_number, listed_position, status)
VALUES ('sq-w26-i4', 'p-w26-i4-12', 12, 'GK', 'available');
INSERT OR IGNORE INTO players (id, name, nationality, primary_team_id, club, position, role_tags_json, age)
VALUES ('p-w26-i4-13', 'Hassan Müller', 'NO', 'team-w26-i4', NULL, 'DF', '[]', 29);
INSERT OR IGNORE INTO squad_players (squad_id, player_id, shirt_number, listed_position, status)
VALUES ('sq-w26-i4', 'p-w26-i4-13', 13, 'CB', 'available');
INSERT OR IGNORE INTO players (id, name, nationality, primary_team_id, club, position, role_tags_json, age)
VALUES ('p-w26-i4-15', 'Jan Tanaka', 'NO', 'team-w26-i4', NULL, 'MF', '[]', 31);
INSERT OR IGNORE INTO squad_players (squad_id, player_id, shirt_number, listed_position, status)
VALUES ('sq-w26-i4', 'p-w26-i4-15', 15, 'CM', 'available');
INSERT OR IGNORE INTO players (id, name, nationality, primary_team_id, club, position, role_tags_json, age)
VALUES ('p-w26-i4-16', 'Erik Johansson', 'NO', 'team-w26-i4', NULL, 'FW', '[]', 32);
INSERT OR IGNORE INTO squad_players (squad_id, player_id, shirt_number, listed_position, status)
VALUES ('sq-w26-i4', 'p-w26-i4-16', 16, 'ST', 'available');

INSERT OR IGNORE INTO squads (id, tournament_id, team_id, source_id, is_official, confidence, announced_at)
VALUES ('sq-w26-j1', 't-2026', 'team-w26-j1', 'src-mock', 1, 0.82, '2026-05-15T12:00:00Z');

INSERT OR IGNORE INTO players (id, name, nationality, primary_team_id, club, position, role_tags_json, age)
VALUES ('p-w26-j1-01', 'Alex Kim', 'AR', 'team-w26-j1', NULL, 'GK', '[]', 30);
INSERT OR IGNORE INTO squad_players (squad_id, player_id, shirt_number, listed_position, status)
VALUES ('sq-w26-j1', 'p-w26-j1-01', 1, 'GK', 'available');
INSERT OR IGNORE INTO players (id, name, nationality, primary_team_id, club, position, role_tags_json, age)
VALUES ('p-w26-j1-02', 'Sam Kim', 'AR', 'team-w26-j1', NULL, 'DF', '[]', 29);
INSERT OR IGNORE INTO squad_players (squad_id, player_id, shirt_number, listed_position, status)
VALUES ('sq-w26-j1', 'p-w26-j1-02', 2, 'RB', 'available');
INSERT OR IGNORE INTO players (id, name, nationality, primary_team_id, club, position, role_tags_json, age)
VALUES ('p-w26-j1-03', 'Tom Kim', 'AR', 'team-w26-j1', NULL, 'DF', '[]', 28);
INSERT OR IGNORE INTO squad_players (squad_id, player_id, shirt_number, listed_position, status)
VALUES ('sq-w26-j1', 'p-w26-j1-03', 3, 'CB', 'available');
INSERT OR IGNORE INTO players (id, name, nationality, primary_team_id, club, position, role_tags_json, age)
VALUES ('p-w26-j1-04', 'Luis Kim', 'AR', 'team-w26-j1', NULL, 'DF', '[]', 27);
INSERT OR IGNORE INTO squad_players (squad_id, player_id, shirt_number, listed_position, status)
VALUES ('sq-w26-j1', 'p-w26-j1-04', 4, 'CB', 'available');
INSERT OR IGNORE INTO players (id, name, nationality, primary_team_id, club, position, role_tags_json, age)
VALUES ('p-w26-j1-05', 'André Kim', 'AR', 'team-w26-j1', NULL, 'DF', '[]', 26);
INSERT OR IGNORE INTO squad_players (squad_id, player_id, shirt_number, listed_position, status)
VALUES ('sq-w26-j1', 'p-w26-j1-05', 5, 'LB', 'available');
INSERT OR IGNORE INTO players (id, name, nationality, primary_team_id, club, position, role_tags_json, age)
VALUES ('p-w26-j1-06', 'Carlos Kim', 'AR', 'team-w26-j1', NULL, 'MF', '[]', 25);
INSERT OR IGNORE INTO squad_players (squad_id, player_id, shirt_number, listed_position, status)
VALUES ('sq-w26-j1', 'p-w26-j1-06', 6, 'DM', 'available');
INSERT OR IGNORE INTO players (id, name, nationality, primary_team_id, club, position, role_tags_json, age)
VALUES ('p-w26-j1-07', 'Erik Kim', 'AR', 'team-w26-j1', NULL, 'MF', '[]', 24);
INSERT OR IGNORE INTO squad_players (squad_id, player_id, shirt_number, listed_position, status)
VALUES ('sq-w26-j1', 'p-w26-j1-07', 7, 'CM', 'available');
INSERT OR IGNORE INTO players (id, name, nationality, primary_team_id, club, position, role_tags_json, age)
VALUES ('p-w26-j1-08', 'Jan Kim', 'AR', 'team-w26-j1', NULL, 'MF', '[]', 23);
INSERT OR IGNORE INTO squad_players (squad_id, player_id, shirt_number, listed_position, status)
VALUES ('sq-w26-j1', 'p-w26-j1-08', 8, 'CM', 'available');
INSERT OR IGNORE INTO players (id, name, nationality, primary_team_id, club, position, role_tags_json, age)
VALUES ('p-w26-j1-10', 'André Petrov', 'AR', 'team-w26-j1', NULL, 'MF', '[]', 30);
INSERT OR IGNORE INTO squad_players (squad_id, player_id, shirt_number, listed_position, status)
VALUES ('sq-w26-j1', 'p-w26-j1-10', 10, 'AM', 'available');
INSERT OR IGNORE INTO players (id, name, nationality, primary_team_id, club, position, role_tags_json, age)
VALUES ('p-w26-j1-11', 'Luis Tanaka', 'AR', 'team-w26-j1', NULL, 'FW', '[]', 31);
INSERT OR IGNORE INTO squad_players (squad_id, player_id, shirt_number, listed_position, status)
VALUES ('sq-w26-j1', 'p-w26-j1-11', 11, 'LW', 'available');
INSERT OR IGNORE INTO players (id, name, nationality, primary_team_id, club, position, role_tags_json, age)
VALUES ('p-w26-j1-14', 'Alex Nielsen', 'AR', 'team-w26-j1', NULL, 'FW', '[]', 22);
INSERT OR IGNORE INTO squad_players (squad_id, player_id, shirt_number, listed_position, status)
VALUES ('sq-w26-j1', 'p-w26-j1-14', 14, 'RW', 'available');
INSERT OR IGNORE INTO players (id, name, nationality, primary_team_id, club, position, role_tags_json, age)
VALUES ('p-w26-j1-09', 'Pierre Kim', 'AR', 'team-w26-j1', NULL, 'FW', '[]', 22);
INSERT OR IGNORE INTO squad_players (squad_id, player_id, shirt_number, listed_position, status)
VALUES ('sq-w26-j1', 'p-w26-j1-09', 9, 'ST', 'available');
INSERT OR IGNORE INTO players (id, name, nationality, primary_team_id, club, position, role_tags_json, age)
VALUES ('p-w26-j1-12', 'Tom Johansson', 'AR', 'team-w26-j1', NULL, 'GK', '[]', 32);
INSERT OR IGNORE INTO squad_players (squad_id, player_id, shirt_number, listed_position, status)
VALUES ('sq-w26-j1', 'p-w26-j1-12', 12, 'GK', 'available');
INSERT OR IGNORE INTO players (id, name, nationality, primary_team_id, club, position, role_tags_json, age)
VALUES ('p-w26-j1-13', 'Sam Dupont', 'AR', 'team-w26-j1', NULL, 'DF', '[]', 33);
INSERT OR IGNORE INTO squad_players (squad_id, player_id, shirt_number, listed_position, status)
VALUES ('sq-w26-j1', 'p-w26-j1-13', 13, 'CB', 'available');
INSERT OR IGNORE INTO players (id, name, nationality, primary_team_id, club, position, role_tags_json, age)
VALUES ('p-w26-j1-15', 'Marco Weber', 'AR', 'team-w26-j1', NULL, 'MF', '[]', 23);
INSERT OR IGNORE INTO squad_players (squad_id, player_id, shirt_number, listed_position, status)
VALUES ('sq-w26-j1', 'p-w26-j1-15', 15, 'CM', 'available');
INSERT OR IGNORE INTO players (id, name, nationality, primary_team_id, club, position, role_tags_json, age)
VALUES ('p-w26-j1-16', 'Lucas Lee', 'AR', 'team-w26-j1', NULL, 'FW', '[]', 24);
INSERT OR IGNORE INTO squad_players (squad_id, player_id, shirt_number, listed_position, status)
VALUES ('sq-w26-j1', 'p-w26-j1-16', 16, 'ST', 'available');

INSERT OR IGNORE INTO squads (id, tournament_id, team_id, source_id, is_official, confidence, announced_at)
VALUES ('sq-w26-j2', 't-2026', 'team-w26-j2', 'src-mock', 1, 0.82, '2026-05-15T12:00:00Z');

INSERT OR IGNORE INTO players (id, name, nationality, primary_team_id, club, position, role_tags_json, age)
VALUES ('p-w26-j2-01', 'Sam Silva', 'DZ', 'team-w26-j2', NULL, 'GK', '[]', 29);
INSERT OR IGNORE INTO squad_players (squad_id, player_id, shirt_number, listed_position, status)
VALUES ('sq-w26-j2', 'p-w26-j2-01', 1, 'GK', 'available');
INSERT OR IGNORE INTO players (id, name, nationality, primary_team_id, club, position, role_tags_json, age)
VALUES ('p-w26-j2-02', 'Tom Silva', 'DZ', 'team-w26-j2', NULL, 'DF', '[]', 28);
INSERT OR IGNORE INTO squad_players (squad_id, player_id, shirt_number, listed_position, status)
VALUES ('sq-w26-j2', 'p-w26-j2-02', 2, 'RB', 'available');
INSERT OR IGNORE INTO players (id, name, nationality, primary_team_id, club, position, role_tags_json, age)
VALUES ('p-w26-j2-03', 'Luis Silva', 'DZ', 'team-w26-j2', NULL, 'DF', '[]', 27);
INSERT OR IGNORE INTO squad_players (squad_id, player_id, shirt_number, listed_position, status)
VALUES ('sq-w26-j2', 'p-w26-j2-03', 3, 'CB', 'available');
INSERT OR IGNORE INTO players (id, name, nationality, primary_team_id, club, position, role_tags_json, age)
VALUES ('p-w26-j2-04', 'André Silva', 'DZ', 'team-w26-j2', NULL, 'DF', '[]', 26);
INSERT OR IGNORE INTO squad_players (squad_id, player_id, shirt_number, listed_position, status)
VALUES ('sq-w26-j2', 'p-w26-j2-04', 4, 'CB', 'available');
INSERT OR IGNORE INTO players (id, name, nationality, primary_team_id, club, position, role_tags_json, age)
VALUES ('p-w26-j2-05', 'Carlos Silva', 'DZ', 'team-w26-j2', NULL, 'DF', '[]', 25);
INSERT OR IGNORE INTO squad_players (squad_id, player_id, shirt_number, listed_position, status)
VALUES ('sq-w26-j2', 'p-w26-j2-05', 5, 'LB', 'available');
INSERT OR IGNORE INTO players (id, name, nationality, primary_team_id, club, position, role_tags_json, age)
VALUES ('p-w26-j2-06', 'Erik Silva', 'DZ', 'team-w26-j2', NULL, 'MF', '[]', 24);
INSERT OR IGNORE INTO squad_players (squad_id, player_id, shirt_number, listed_position, status)
VALUES ('sq-w26-j2', 'p-w26-j2-06', 6, 'DM', 'available');
INSERT OR IGNORE INTO players (id, name, nationality, primary_team_id, club, position, role_tags_json, age)
VALUES ('p-w26-j2-07', 'Jan Silva', 'DZ', 'team-w26-j2', NULL, 'MF', '[]', 23);
INSERT OR IGNORE INTO squad_players (squad_id, player_id, shirt_number, listed_position, status)
VALUES ('sq-w26-j2', 'p-w26-j2-07', 7, 'CM', 'available');
INSERT OR IGNORE INTO players (id, name, nationality, primary_team_id, club, position, role_tags_json, age)
VALUES ('p-w26-j2-08', 'Pierre Silva', 'DZ', 'team-w26-j2', NULL, 'MF', '[]', 22);
INSERT OR IGNORE INTO squad_players (squad_id, player_id, shirt_number, listed_position, status)
VALUES ('sq-w26-j2', 'p-w26-j2-08', 8, 'CM', 'available');
INSERT OR IGNORE INTO players (id, name, nationality, primary_team_id, club, position, role_tags_json, age)
VALUES ('p-w26-j2-10', 'Ivan Costa', 'DZ', 'team-w26-j2', NULL, 'MF', '[]', 25);
INSERT OR IGNORE INTO squad_players (squad_id, player_id, shirt_number, listed_position, status)
VALUES ('sq-w26-j2', 'p-w26-j2-10', 10, 'AM', 'available');
INSERT OR IGNORE INTO players (id, name, nationality, primary_team_id, club, position, role_tags_json, age)
VALUES ('p-w26-j2-11', 'Kenji Brown', 'DZ', 'team-w26-j2', NULL, 'FW', '[]', 26);
INSERT OR IGNORE INTO squad_players (squad_id, player_id, shirt_number, listed_position, status)
VALUES ('sq-w26-j2', 'p-w26-j2-11', 11, 'LW', 'available');
INSERT OR IGNORE INTO players (id, name, nationality, primary_team_id, club, position, role_tags_json, age)
VALUES ('p-w26-j2-14', 'Hassan Okonkwo', 'DZ', 'team-w26-j2', NULL, 'FW', '[]', 29);
INSERT OR IGNORE INTO squad_players (squad_id, player_id, shirt_number, listed_position, status)
VALUES ('sq-w26-j2', 'p-w26-j2-14', 14, 'RW', 'available');
INSERT OR IGNORE INTO players (id, name, nationality, primary_team_id, club, position, role_tags_json, age)
VALUES ('p-w26-j2-09', 'Hassan Silva', 'DZ', 'team-w26-j2', NULL, 'FW', '[]', 33);
INSERT OR IGNORE INTO squad_players (squad_id, player_id, shirt_number, listed_position, status)
VALUES ('sq-w26-j2', 'p-w26-j2-09', 9, 'ST', 'available');
INSERT OR IGNORE INTO players (id, name, nationality, primary_team_id, club, position, role_tags_json, age)
VALUES ('p-w26-j2-12', 'Mateo Kim', 'DZ', 'team-w26-j2', NULL, 'GK', '[]', 27);
INSERT OR IGNORE INTO squad_players (squad_id, player_id, shirt_number, listed_position, status)
VALUES ('sq-w26-j2', 'p-w26-j2-12', 12, 'GK', 'available');
INSERT OR IGNORE INTO players (id, name, nationality, primary_team_id, club, position, role_tags_json, age)
VALUES ('p-w26-j2-13', 'Sven García', 'DZ', 'team-w26-j2', NULL, 'DF', '[]', 28);
INSERT OR IGNORE INTO squad_players (squad_id, player_id, shirt_number, listed_position, status)
VALUES ('sq-w26-j2', 'p-w26-j2-13', 13, 'CB', 'available');
INSERT OR IGNORE INTO players (id, name, nationality, primary_team_id, club, position, role_tags_json, age)
VALUES ('p-w26-j2-15', 'Pierre Ali', 'DZ', 'team-w26-j2', NULL, 'MF', '[]', 30);
INSERT OR IGNORE INTO squad_players (squad_id, player_id, shirt_number, listed_position, status)
VALUES ('sq-w26-j2', 'p-w26-j2-15', 15, 'CM', 'available');
INSERT OR IGNORE INTO players (id, name, nationality, primary_team_id, club, position, role_tags_json, age)
VALUES ('p-w26-j2-16', 'Jan Rossi', 'DZ', 'team-w26-j2', NULL, 'FW', '[]', 31);
INSERT OR IGNORE INTO squad_players (squad_id, player_id, shirt_number, listed_position, status)
VALUES ('sq-w26-j2', 'p-w26-j2-16', 16, 'ST', 'available');

INSERT OR IGNORE INTO squads (id, tournament_id, team_id, source_id, is_official, confidence, announced_at)
VALUES ('sq-w26-j3', 't-2026', 'team-w26-j3', 'src-mock', 1, 0.82, '2026-05-15T12:00:00Z');

INSERT OR IGNORE INTO players (id, name, nationality, primary_team_id, club, position, role_tags_json, age)
VALUES ('p-w26-j3-01', 'Tom Brown', 'AT', 'team-w26-j3', NULL, 'GK', '[]', 28);
INSERT OR IGNORE INTO squad_players (squad_id, player_id, shirt_number, listed_position, status)
VALUES ('sq-w26-j3', 'p-w26-j3-01', 1, 'GK', 'available');
INSERT OR IGNORE INTO players (id, name, nationality, primary_team_id, club, position, role_tags_json, age)
VALUES ('p-w26-j3-02', 'Luis Brown', 'AT', 'team-w26-j3', NULL, 'DF', '[]', 27);
INSERT OR IGNORE INTO squad_players (squad_id, player_id, shirt_number, listed_position, status)
VALUES ('sq-w26-j3', 'p-w26-j3-02', 2, 'RB', 'available');
INSERT OR IGNORE INTO players (id, name, nationality, primary_team_id, club, position, role_tags_json, age)
VALUES ('p-w26-j3-03', 'André Brown', 'AT', 'team-w26-j3', NULL, 'DF', '[]', 26);
INSERT OR IGNORE INTO squad_players (squad_id, player_id, shirt_number, listed_position, status)
VALUES ('sq-w26-j3', 'p-w26-j3-03', 3, 'CB', 'available');
INSERT OR IGNORE INTO players (id, name, nationality, primary_team_id, club, position, role_tags_json, age)
VALUES ('p-w26-j3-04', 'Carlos Brown', 'AT', 'team-w26-j3', NULL, 'DF', '[]', 25);
INSERT OR IGNORE INTO squad_players (squad_id, player_id, shirt_number, listed_position, status)
VALUES ('sq-w26-j3', 'p-w26-j3-04', 4, 'CB', 'available');
INSERT OR IGNORE INTO players (id, name, nationality, primary_team_id, club, position, role_tags_json, age)
VALUES ('p-w26-j3-05', 'Erik Brown', 'AT', 'team-w26-j3', NULL, 'DF', '[]', 24);
INSERT OR IGNORE INTO squad_players (squad_id, player_id, shirt_number, listed_position, status)
VALUES ('sq-w26-j3', 'p-w26-j3-05', 5, 'LB', 'available');
INSERT OR IGNORE INTO players (id, name, nationality, primary_team_id, club, position, role_tags_json, age)
VALUES ('p-w26-j3-06', 'Jan Brown', 'AT', 'team-w26-j3', NULL, 'MF', '[]', 23);
INSERT OR IGNORE INTO squad_players (squad_id, player_id, shirt_number, listed_position, status)
VALUES ('sq-w26-j3', 'p-w26-j3-06', 6, 'DM', 'available');
INSERT OR IGNORE INTO players (id, name, nationality, primary_team_id, club, position, role_tags_json, age)
VALUES ('p-w26-j3-07', 'Pierre Brown', 'AT', 'team-w26-j3', NULL, 'MF', '[]', 22);
INSERT OR IGNORE INTO squad_players (squad_id, player_id, shirt_number, listed_position, status)
VALUES ('sq-w26-j3', 'p-w26-j3-07', 7, 'CM', 'available');
INSERT OR IGNORE INTO players (id, name, nationality, primary_team_id, club, position, role_tags_json, age)
VALUES ('p-w26-j3-08', 'Hassan Brown', 'AT', 'team-w26-j3', NULL, 'MF', '[]', 33);
INSERT OR IGNORE INTO squad_players (squad_id, player_id, shirt_number, listed_position, status)
VALUES ('sq-w26-j3', 'p-w26-j3-08', 8, 'CM', 'available');
INSERT OR IGNORE INTO players (id, name, nationality, primary_team_id, club, position, role_tags_json, age)
VALUES ('p-w26-j3-10', 'Tom Tanaka', 'AT', 'team-w26-j3', NULL, 'MF', '[]', 32);
INSERT OR IGNORE INTO squad_players (squad_id, player_id, shirt_number, listed_position, status)
VALUES ('sq-w26-j3', 'p-w26-j3-10', 10, 'AM', 'available');
INSERT OR IGNORE INTO players (id, name, nationality, primary_team_id, club, position, role_tags_json, age)
VALUES ('p-w26-j3-11', 'Sam Johansson', 'AT', 'team-w26-j3', NULL, 'FW', '[]', 33);
INSERT OR IGNORE INTO squad_players (squad_id, player_id, shirt_number, listed_position, status)
VALUES ('sq-w26-j3', 'p-w26-j3-11', 11, 'LW', 'available');
INSERT OR IGNORE INTO players (id, name, nationality, primary_team_id, club, position, role_tags_json, age)
VALUES ('p-w26-j3-14', 'Lucas Weber', 'AT', 'team-w26-j3', NULL, 'FW', '[]', 24);
INSERT OR IGNORE INTO squad_players (squad_id, player_id, shirt_number, listed_position, status)
VALUES ('sq-w26-j3', 'p-w26-j3-14', 14, 'RW', 'available');
INSERT OR IGNORE INTO players (id, name, nationality, primary_team_id, club, position, role_tags_json, age)
VALUES ('p-w26-j3-09', 'Sven Brown', 'AT', 'team-w26-j3', NULL, 'FW', '[]', 32);
INSERT OR IGNORE INTO squad_players (squad_id, player_id, shirt_number, listed_position, status)
VALUES ('sq-w26-j3', 'p-w26-j3-09', 9, 'ST', 'available');
INSERT OR IGNORE INTO players (id, name, nationality, primary_team_id, club, position, role_tags_json, age)
VALUES ('p-w26-j3-12', 'Alex Dupont', 'AT', 'team-w26-j3', NULL, 'GK', '[]', 22);
INSERT OR IGNORE INTO squad_players (squad_id, player_id, shirt_number, listed_position, status)
VALUES ('sq-w26-j3', 'p-w26-j3-12', 12, 'GK', 'available');
INSERT OR IGNORE INTO players (id, name, nationality, primary_team_id, club, position, role_tags_json, age)
VALUES ('p-w26-j3-13', 'Marco Nielsen', 'AT', 'team-w26-j3', NULL, 'DF', '[]', 23);
INSERT OR IGNORE INTO squad_players (squad_id, player_id, shirt_number, listed_position, status)
VALUES ('sq-w26-j3', 'p-w26-j3-13', 13, 'CB', 'available');
INSERT OR IGNORE INTO players (id, name, nationality, primary_team_id, club, position, role_tags_json, age)
VALUES ('p-w26-j3-15', 'Noah Lee', 'AT', 'team-w26-j3', NULL, 'MF', '[]', 25);
INSERT OR IGNORE INTO squad_players (squad_id, player_id, shirt_number, listed_position, status)
VALUES ('sq-w26-j3', 'p-w26-j3-15', 15, 'CM', 'available');
INSERT OR IGNORE INTO players (id, name, nationality, primary_team_id, club, position, role_tags_json, age)
VALUES ('p-w26-j3-16', 'Omar Silva', 'AT', 'team-w26-j3', NULL, 'FW', '[]', 26);
INSERT OR IGNORE INTO squad_players (squad_id, player_id, shirt_number, listed_position, status)
VALUES ('sq-w26-j3', 'p-w26-j3-16', 16, 'ST', 'available');

INSERT OR IGNORE INTO squads (id, tournament_id, team_id, source_id, is_official, confidence, announced_at)
VALUES ('sq-w26-j4', 't-2026', 'team-w26-j4', 'src-mock', 1, 0.82, '2026-05-15T12:00:00Z');

INSERT OR IGNORE INTO players (id, name, nationality, primary_team_id, club, position, role_tags_json, age)
VALUES ('p-w26-j4-01', 'Luis Lee', 'JO', 'team-w26-j4', NULL, 'GK', '[]', 27);
INSERT OR IGNORE INTO squad_players (squad_id, player_id, shirt_number, listed_position, status)
VALUES ('sq-w26-j4', 'p-w26-j4-01', 1, 'GK', 'available');
INSERT OR IGNORE INTO players (id, name, nationality, primary_team_id, club, position, role_tags_json, age)
VALUES ('p-w26-j4-02', 'André Lee', 'JO', 'team-w26-j4', NULL, 'DF', '[]', 26);
INSERT OR IGNORE INTO squad_players (squad_id, player_id, shirt_number, listed_position, status)
VALUES ('sq-w26-j4', 'p-w26-j4-02', 2, 'RB', 'available');
INSERT OR IGNORE INTO players (id, name, nationality, primary_team_id, club, position, role_tags_json, age)
VALUES ('p-w26-j4-03', 'Carlos Lee', 'JO', 'team-w26-j4', NULL, 'DF', '[]', 25);
INSERT OR IGNORE INTO squad_players (squad_id, player_id, shirt_number, listed_position, status)
VALUES ('sq-w26-j4', 'p-w26-j4-03', 3, 'CB', 'available');
INSERT OR IGNORE INTO players (id, name, nationality, primary_team_id, club, position, role_tags_json, age)
VALUES ('p-w26-j4-04', 'Erik Lee', 'JO', 'team-w26-j4', NULL, 'DF', '[]', 24);
INSERT OR IGNORE INTO squad_players (squad_id, player_id, shirt_number, listed_position, status)
VALUES ('sq-w26-j4', 'p-w26-j4-04', 4, 'CB', 'available');
INSERT OR IGNORE INTO players (id, name, nationality, primary_team_id, club, position, role_tags_json, age)
VALUES ('p-w26-j4-05', 'Jan Lee', 'JO', 'team-w26-j4', NULL, 'DF', '[]', 23);
INSERT OR IGNORE INTO squad_players (squad_id, player_id, shirt_number, listed_position, status)
VALUES ('sq-w26-j4', 'p-w26-j4-05', 5, 'LB', 'available');
INSERT OR IGNORE INTO players (id, name, nationality, primary_team_id, club, position, role_tags_json, age)
VALUES ('p-w26-j4-06', 'Pierre Lee', 'JO', 'team-w26-j4', NULL, 'MF', '[]', 22);
INSERT OR IGNORE INTO squad_players (squad_id, player_id, shirt_number, listed_position, status)
VALUES ('sq-w26-j4', 'p-w26-j4-06', 6, 'DM', 'available');
INSERT OR IGNORE INTO players (id, name, nationality, primary_team_id, club, position, role_tags_json, age)
VALUES ('p-w26-j4-07', 'Hassan Lee', 'JO', 'team-w26-j4', NULL, 'MF', '[]', 33);
INSERT OR IGNORE INTO squad_players (squad_id, player_id, shirt_number, listed_position, status)
VALUES ('sq-w26-j4', 'p-w26-j4-07', 7, 'CM', 'available');
INSERT OR IGNORE INTO players (id, name, nationality, primary_team_id, club, position, role_tags_json, age)
VALUES ('p-w26-j4-08', 'Sven Lee', 'JO', 'team-w26-j4', NULL, 'MF', '[]', 32);
INSERT OR IGNORE INTO squad_players (squad_id, player_id, shirt_number, listed_position, status)
VALUES ('sq-w26-j4', 'p-w26-j4-08', 8, 'CM', 'available');
INSERT OR IGNORE INTO players (id, name, nationality, primary_team_id, club, position, role_tags_json, age)
VALUES ('p-w26-j4-10', 'Mateo Brown', 'JO', 'team-w26-j4', NULL, 'MF', '[]', 27);
INSERT OR IGNORE INTO squad_players (squad_id, player_id, shirt_number, listed_position, status)
VALUES ('sq-w26-j4', 'p-w26-j4-10', 10, 'AM', 'available');
INSERT OR IGNORE INTO players (id, name, nationality, primary_team_id, club, position, role_tags_json, age)
VALUES ('p-w26-j4-11', 'Sven Kim', 'JO', 'team-w26-j4', NULL, 'FW', '[]', 28);
INSERT OR IGNORE INTO squad_players (squad_id, player_id, shirt_number, listed_position, status)
VALUES ('sq-w26-j4', 'p-w26-j4-11', 11, 'LW', 'available');
INSERT OR IGNORE INTO players (id, name, nationality, primary_team_id, club, position, role_tags_json, age)
VALUES ('p-w26-j4-14', 'Jan Ali', 'JO', 'team-w26-j4', NULL, 'FW', '[]', 31);
INSERT OR IGNORE INTO squad_players (squad_id, player_id, shirt_number, listed_position, status)
VALUES ('sq-w26-j4', 'p-w26-j4-14', 14, 'RW', 'available');
INSERT OR IGNORE INTO players (id, name, nationality, primary_team_id, club, position, role_tags_json, age)
VALUES ('p-w26-j4-09', 'Mateo Lee', 'JO', 'team-w26-j4', NULL, 'FW', '[]', 31);
INSERT OR IGNORE INTO squad_players (squad_id, player_id, shirt_number, listed_position, status)
VALUES ('sq-w26-j4', 'p-w26-j4-09', 9, 'ST', 'available');
INSERT OR IGNORE INTO players (id, name, nationality, primary_team_id, club, position, role_tags_json, age)
VALUES ('p-w26-j4-12', 'Hassan García', 'JO', 'team-w26-j4', NULL, 'GK', '[]', 29);
INSERT OR IGNORE INTO squad_players (squad_id, player_id, shirt_number, listed_position, status)
VALUES ('sq-w26-j4', 'p-w26-j4-12', 12, 'GK', 'available');
INSERT OR IGNORE INTO players (id, name, nationality, primary_team_id, club, position, role_tags_json, age)
VALUES ('p-w26-j4-13', 'Pierre Okonkwo', 'JO', 'team-w26-j4', NULL, 'DF', '[]', 30);
INSERT OR IGNORE INTO squad_players (squad_id, player_id, shirt_number, listed_position, status)
VALUES ('sq-w26-j4', 'p-w26-j4-13', 13, 'CB', 'available');
INSERT OR IGNORE INTO players (id, name, nationality, primary_team_id, club, position, role_tags_json, age)
VALUES ('p-w26-j4-15', 'Erik Rossi', 'JO', 'team-w26-j4', NULL, 'MF', '[]', 32);
INSERT OR IGNORE INTO squad_players (squad_id, player_id, shirt_number, listed_position, status)
VALUES ('sq-w26-j4', 'p-w26-j4-15', 15, 'CM', 'available');
INSERT OR IGNORE INTO players (id, name, nationality, primary_team_id, club, position, role_tags_json, age)
VALUES ('p-w26-j4-16', 'Carlos Benali', 'JO', 'team-w26-j4', NULL, 'FW', '[]', 33);
INSERT OR IGNORE INTO squad_players (squad_id, player_id, shirt_number, listed_position, status)
VALUES ('sq-w26-j4', 'p-w26-j4-16', 16, 'ST', 'available');

INSERT OR IGNORE INTO squads (id, tournament_id, team_id, source_id, is_official, confidence, announced_at)
VALUES ('sq-w26-k1', 't-2026', 'team-w26-k1', 'src-mock', 1, 0.82, '2026-05-15T12:00:00Z');

INSERT OR IGNORE INTO players (id, name, nationality, primary_team_id, club, position, role_tags_json, age)
VALUES ('p-w26-k1-01', 'Mateo Johansson', 'PT', 'team-w26-k1', NULL, 'GK', '[]', 23);
INSERT OR IGNORE INTO squad_players (squad_id, player_id, shirt_number, listed_position, status)
VALUES ('sq-w26-k1', 'p-w26-k1-01', 1, 'GK', 'available');
INSERT OR IGNORE INTO players (id, name, nationality, primary_team_id, club, position, role_tags_json, age)
VALUES ('p-w26-k1-02', 'Kenji Johansson', 'PT', 'team-w26-k1', NULL, 'DF', '[]', 22);
INSERT OR IGNORE INTO squad_players (squad_id, player_id, shirt_number, listed_position, status)
VALUES ('sq-w26-k1', 'p-w26-k1-02', 2, 'RB', 'available');
INSERT OR IGNORE INTO players (id, name, nationality, primary_team_id, club, position, role_tags_json, age)
VALUES ('p-w26-k1-03', 'Ivan Johansson', 'PT', 'team-w26-k1', NULL, 'DF', '[]', 33);
INSERT OR IGNORE INTO squad_players (squad_id, player_id, shirt_number, listed_position, status)
VALUES ('sq-w26-k1', 'p-w26-k1-03', 3, 'CB', 'available');
INSERT OR IGNORE INTO players (id, name, nationality, primary_team_id, club, position, role_tags_json, age)
VALUES ('p-w26-k1-04', 'Diego Johansson', 'PT', 'team-w26-k1', NULL, 'DF', '[]', 32);
INSERT OR IGNORE INTO squad_players (squad_id, player_id, shirt_number, listed_position, status)
VALUES ('sq-w26-k1', 'p-w26-k1-04', 4, 'CB', 'available');
INSERT OR IGNORE INTO players (id, name, nationality, primary_team_id, club, position, role_tags_json, age)
VALUES ('p-w26-k1-05', 'Yuki Johansson', 'PT', 'team-w26-k1', NULL, 'DF', '[]', 31);
INSERT OR IGNORE INTO squad_players (squad_id, player_id, shirt_number, listed_position, status)
VALUES ('sq-w26-k1', 'p-w26-k1-05', 5, 'LB', 'available');
INSERT OR IGNORE INTO players (id, name, nationality, primary_team_id, club, position, role_tags_json, age)
VALUES ('p-w26-k1-06', 'Omar Johansson', 'PT', 'team-w26-k1', NULL, 'MF', '[]', 30);
INSERT OR IGNORE INTO squad_players (squad_id, player_id, shirt_number, listed_position, status)
VALUES ('sq-w26-k1', 'p-w26-k1-06', 6, 'DM', 'available');
INSERT OR IGNORE INTO players (id, name, nationality, primary_team_id, club, position, role_tags_json, age)
VALUES ('p-w26-k1-07', 'Noah Johansson', 'PT', 'team-w26-k1', NULL, 'MF', '[]', 29);
INSERT OR IGNORE INTO squad_players (squad_id, player_id, shirt_number, listed_position, status)
VALUES ('sq-w26-k1', 'p-w26-k1-07', 7, 'CM', 'available');
INSERT OR IGNORE INTO players (id, name, nationality, primary_team_id, club, position, role_tags_json, age)
VALUES ('p-w26-k1-08', 'Lucas Johansson', 'PT', 'team-w26-k1', NULL, 'MF', '[]', 28);
INSERT OR IGNORE INTO squad_players (squad_id, player_id, shirt_number, listed_position, status)
VALUES ('sq-w26-k1', 'p-w26-k1-08', 8, 'CM', 'available');
INSERT OR IGNORE INTO players (id, name, nationality, primary_team_id, club, position, role_tags_json, age)
VALUES ('p-w26-k1-10', 'Luis Ali', 'PT', 'team-w26-k1', NULL, 'MF', '[]', 31);
INSERT OR IGNORE INTO squad_players (squad_id, player_id, shirt_number, listed_position, status)
VALUES ('sq-w26-k1', 'p-w26-k1-10', 10, 'AM', 'available');
INSERT OR IGNORE INTO players (id, name, nationality, primary_team_id, club, position, role_tags_json, age)
VALUES ('p-w26-k1-11', 'Tom Rossi', 'PT', 'team-w26-k1', NULL, 'FW', '[]', 32);
INSERT OR IGNORE INTO squad_players (squad_id, player_id, shirt_number, listed_position, status)
VALUES ('sq-w26-k1', 'p-w26-k1-11', 11, 'LW', 'available');
INSERT OR IGNORE INTO players (id, name, nationality, primary_team_id, club, position, role_tags_json, age)
VALUES ('p-w26-k1-14', 'Marco Santos', 'PT', 'team-w26-k1', NULL, 'FW', '[]', 23);
INSERT OR IGNORE INTO squad_players (squad_id, player_id, shirt_number, listed_position, status)
VALUES ('sq-w26-k1', 'p-w26-k1-14', 14, 'RW', 'available');
INSERT OR IGNORE INTO players (id, name, nationality, primary_team_id, club, position, role_tags_json, age)
VALUES ('p-w26-k1-09', 'Marco Johansson', 'PT', 'team-w26-k1', NULL, 'FW', '[]', 27);
INSERT OR IGNORE INTO squad_players (squad_id, player_id, shirt_number, listed_position, status)
VALUES ('sq-w26-k1', 'p-w26-k1-09', 9, 'ST', 'available');
INSERT OR IGNORE INTO players (id, name, nationality, primary_team_id, club, position, role_tags_json, age)
VALUES ('p-w26-k1-12', 'Sam Benali', 'PT', 'team-w26-k1', NULL, 'GK', '[]', 33);
INSERT OR IGNORE INTO squad_players (squad_id, player_id, shirt_number, listed_position, status)
VALUES ('sq-w26-k1', 'p-w26-k1-12', 12, 'GK', 'available');
INSERT OR IGNORE INTO players (id, name, nationality, primary_team_id, club, position, role_tags_json, age)
VALUES ('p-w26-k1-13', 'Alex Horváth', 'PT', 'team-w26-k1', NULL, 'DF', '[]', 22);
INSERT OR IGNORE INTO squad_players (squad_id, player_id, shirt_number, listed_position, status)
VALUES ('sq-w26-k1', 'p-w26-k1-13', 13, 'CB', 'available');
INSERT OR IGNORE INTO players (id, name, nationality, primary_team_id, club, position, role_tags_json, age)
VALUES ('p-w26-k1-15', 'Lucas Costa', 'PT', 'team-w26-k1', NULL, 'MF', '[]', 24);
INSERT OR IGNORE INTO squad_players (squad_id, player_id, shirt_number, listed_position, status)
VALUES ('sq-w26-k1', 'p-w26-k1-15', 15, 'CM', 'available');
INSERT OR IGNORE INTO players (id, name, nationality, primary_team_id, club, position, role_tags_json, age)
VALUES ('p-w26-k1-16', 'Noah Brown', 'PT', 'team-w26-k1', NULL, 'FW', '[]', 25);
INSERT OR IGNORE INTO squad_players (squad_id, player_id, shirt_number, listed_position, status)
VALUES ('sq-w26-k1', 'p-w26-k1-16', 16, 'ST', 'available');

INSERT OR IGNORE INTO squads (id, tournament_id, team_id, source_id, is_official, confidence, announced_at)
VALUES ('sq-w26-k2', 't-2026', 'team-w26-k2', 'src-mock', 1, 0.82, '2026-05-15T12:00:00Z');

INSERT OR IGNORE INTO players (id, name, nationality, primary_team_id, club, position, role_tags_json, age)
VALUES ('p-w26-k2-01', 'Kenji Rossi', 'CD', 'team-w26-k2', NULL, 'GK', '[]', 22);
INSERT OR IGNORE INTO squad_players (squad_id, player_id, shirt_number, listed_position, status)
VALUES ('sq-w26-k2', 'p-w26-k2-01', 1, 'GK', 'available');
INSERT OR IGNORE INTO players (id, name, nationality, primary_team_id, club, position, role_tags_json, age)
VALUES ('p-w26-k2-02', 'Ivan Rossi', 'CD', 'team-w26-k2', NULL, 'DF', '[]', 33);
INSERT OR IGNORE INTO squad_players (squad_id, player_id, shirt_number, listed_position, status)
VALUES ('sq-w26-k2', 'p-w26-k2-02', 2, 'RB', 'available');
INSERT OR IGNORE INTO players (id, name, nationality, primary_team_id, club, position, role_tags_json, age)
VALUES ('p-w26-k2-03', 'Diego Rossi', 'CD', 'team-w26-k2', NULL, 'DF', '[]', 32);
INSERT OR IGNORE INTO squad_players (squad_id, player_id, shirt_number, listed_position, status)
VALUES ('sq-w26-k2', 'p-w26-k2-03', 3, 'CB', 'available');
INSERT OR IGNORE INTO players (id, name, nationality, primary_team_id, club, position, role_tags_json, age)
VALUES ('p-w26-k2-04', 'Yuki Rossi', 'CD', 'team-w26-k2', NULL, 'DF', '[]', 31);
INSERT OR IGNORE INTO squad_players (squad_id, player_id, shirt_number, listed_position, status)
VALUES ('sq-w26-k2', 'p-w26-k2-04', 4, 'CB', 'available');
INSERT OR IGNORE INTO players (id, name, nationality, primary_team_id, club, position, role_tags_json, age)
VALUES ('p-w26-k2-05', 'Omar Rossi', 'CD', 'team-w26-k2', NULL, 'DF', '[]', 30);
INSERT OR IGNORE INTO squad_players (squad_id, player_id, shirt_number, listed_position, status)
VALUES ('sq-w26-k2', 'p-w26-k2-05', 5, 'LB', 'available');
INSERT OR IGNORE INTO players (id, name, nationality, primary_team_id, club, position, role_tags_json, age)
VALUES ('p-w26-k2-06', 'Noah Rossi', 'CD', 'team-w26-k2', NULL, 'MF', '[]', 29);
INSERT OR IGNORE INTO squad_players (squad_id, player_id, shirt_number, listed_position, status)
VALUES ('sq-w26-k2', 'p-w26-k2-06', 6, 'DM', 'available');
INSERT OR IGNORE INTO players (id, name, nationality, primary_team_id, club, position, role_tags_json, age)
VALUES ('p-w26-k2-07', 'Lucas Rossi', 'CD', 'team-w26-k2', NULL, 'MF', '[]', 28);
INSERT OR IGNORE INTO squad_players (squad_id, player_id, shirt_number, listed_position, status)
VALUES ('sq-w26-k2', 'p-w26-k2-07', 7, 'CM', 'available');
INSERT OR IGNORE INTO players (id, name, nationality, primary_team_id, club, position, role_tags_json, age)
VALUES ('p-w26-k2-08', 'Marco Rossi', 'CD', 'team-w26-k2', NULL, 'MF', '[]', 27);
INSERT OR IGNORE INTO squad_players (squad_id, player_id, shirt_number, listed_position, status)
VALUES ('sq-w26-k2', 'p-w26-k2-08', 8, 'CM', 'available');
INSERT OR IGNORE INTO players (id, name, nationality, primary_team_id, club, position, role_tags_json, age)
VALUES ('p-w26-k2-10', 'Kenji Lee', 'CD', 'team-w26-k2', NULL, 'MF', '[]', 26);
INSERT OR IGNORE INTO squad_players (squad_id, player_id, shirt_number, listed_position, status)
VALUES ('sq-w26-k2', 'p-w26-k2-10', 10, 'AM', 'available');
INSERT OR IGNORE INTO players (id, name, nationality, primary_team_id, club, position, role_tags_json, age)
VALUES ('p-w26-k2-11', 'Mateo Silva', 'CD', 'team-w26-k2', NULL, 'FW', '[]', 27);
INSERT OR IGNORE INTO squad_players (squad_id, player_id, shirt_number, listed_position, status)
VALUES ('sq-w26-k2', 'p-w26-k2-11', 11, 'LW', 'available');
INSERT OR IGNORE INTO players (id, name, nationality, primary_team_id, club, position, role_tags_json, age)
VALUES ('p-w26-k2-14', 'Pierre Petrov', 'CD', 'team-w26-k2', NULL, 'FW', '[]', 30);
INSERT OR IGNORE INTO squad_players (squad_id, player_id, shirt_number, listed_position, status)
VALUES ('sq-w26-k2', 'p-w26-k2-14', 14, 'RW', 'available');
INSERT OR IGNORE INTO players (id, name, nationality, primary_team_id, club, position, role_tags_json, age)
VALUES ('p-w26-k2-09', 'Alex Rossi', 'CD', 'team-w26-k2', NULL, 'FW', '[]', 26);
INSERT OR IGNORE INTO squad_players (squad_id, player_id, shirt_number, listed_position, status)
VALUES ('sq-w26-k2', 'p-w26-k2-09', 9, 'ST', 'available');
INSERT OR IGNORE INTO players (id, name, nationality, primary_team_id, club, position, role_tags_json, age)
VALUES ('p-w26-k2-12', 'Sven Novák', 'CD', 'team-w26-k2', NULL, 'GK', '[]', 28);
INSERT OR IGNORE INTO squad_players (squad_id, player_id, shirt_number, listed_position, status)
VALUES ('sq-w26-k2', 'p-w26-k2-12', 12, 'GK', 'available');
INSERT OR IGNORE INTO players (id, name, nationality, primary_team_id, club, position, role_tags_json, age)
VALUES ('p-w26-k2-13', 'Hassan Müller', 'CD', 'team-w26-k2', NULL, 'DF', '[]', 29);
INSERT OR IGNORE INTO squad_players (squad_id, player_id, shirt_number, listed_position, status)
VALUES ('sq-w26-k2', 'p-w26-k2-13', 13, 'CB', 'available');
INSERT OR IGNORE INTO players (id, name, nationality, primary_team_id, club, position, role_tags_json, age)
VALUES ('p-w26-k2-15', 'Jan Tanaka', 'CD', 'team-w26-k2', NULL, 'MF', '[]', 31);
INSERT OR IGNORE INTO squad_players (squad_id, player_id, shirt_number, listed_position, status)
VALUES ('sq-w26-k2', 'p-w26-k2-15', 15, 'CM', 'available');
INSERT OR IGNORE INTO players (id, name, nationality, primary_team_id, club, position, role_tags_json, age)
VALUES ('p-w26-k2-16', 'Erik Johansson', 'CD', 'team-w26-k2', NULL, 'FW', '[]', 32);
INSERT OR IGNORE INTO squad_players (squad_id, player_id, shirt_number, listed_position, status)
VALUES ('sq-w26-k2', 'p-w26-k2-16', 16, 'ST', 'available');

INSERT OR IGNORE INTO squads (id, tournament_id, team_id, source_id, is_official, confidence, announced_at)
VALUES ('sq-w26-k3', 't-2026', 'team-w26-k3', 'src-mock', 1, 0.82, '2026-05-15T12:00:00Z');

INSERT OR IGNORE INTO players (id, name, nationality, primary_team_id, club, position, role_tags_json, age)
VALUES ('p-w26-k3-01', 'Ivan Tanaka', 'UZ', 'team-w26-k3', NULL, 'GK', '[]', 33);
INSERT OR IGNORE INTO squad_players (squad_id, player_id, shirt_number, listed_position, status)
VALUES ('sq-w26-k3', 'p-w26-k3-01', 1, 'GK', 'available');
INSERT OR IGNORE INTO players (id, name, nationality, primary_team_id, club, position, role_tags_json, age)
VALUES ('p-w26-k3-02', 'Diego Tanaka', 'UZ', 'team-w26-k3', NULL, 'DF', '[]', 32);
INSERT OR IGNORE INTO squad_players (squad_id, player_id, shirt_number, listed_position, status)
VALUES ('sq-w26-k3', 'p-w26-k3-02', 2, 'RB', 'available');
INSERT OR IGNORE INTO players (id, name, nationality, primary_team_id, club, position, role_tags_json, age)
VALUES ('p-w26-k3-03', 'Yuki Tanaka', 'UZ', 'team-w26-k3', NULL, 'DF', '[]', 31);
INSERT OR IGNORE INTO squad_players (squad_id, player_id, shirt_number, listed_position, status)
VALUES ('sq-w26-k3', 'p-w26-k3-03', 3, 'CB', 'available');
INSERT OR IGNORE INTO players (id, name, nationality, primary_team_id, club, position, role_tags_json, age)
VALUES ('p-w26-k3-04', 'Omar Tanaka', 'UZ', 'team-w26-k3', NULL, 'DF', '[]', 30);
INSERT OR IGNORE INTO squad_players (squad_id, player_id, shirt_number, listed_position, status)
VALUES ('sq-w26-k3', 'p-w26-k3-04', 4, 'CB', 'available');
INSERT OR IGNORE INTO players (id, name, nationality, primary_team_id, club, position, role_tags_json, age)
VALUES ('p-w26-k3-05', 'Noah Tanaka', 'UZ', 'team-w26-k3', NULL, 'DF', '[]', 29);
INSERT OR IGNORE INTO squad_players (squad_id, player_id, shirt_number, listed_position, status)
VALUES ('sq-w26-k3', 'p-w26-k3-05', 5, 'LB', 'available');
INSERT OR IGNORE INTO players (id, name, nationality, primary_team_id, club, position, role_tags_json, age)
VALUES ('p-w26-k3-06', 'Lucas Tanaka', 'UZ', 'team-w26-k3', NULL, 'MF', '[]', 28);
INSERT OR IGNORE INTO squad_players (squad_id, player_id, shirt_number, listed_position, status)
VALUES ('sq-w26-k3', 'p-w26-k3-06', 6, 'DM', 'available');
INSERT OR IGNORE INTO players (id, name, nationality, primary_team_id, club, position, role_tags_json, age)
VALUES ('p-w26-k3-07', 'Marco Tanaka', 'UZ', 'team-w26-k3', NULL, 'MF', '[]', 27);
INSERT OR IGNORE INTO squad_players (squad_id, player_id, shirt_number, listed_position, status)
VALUES ('sq-w26-k3', 'p-w26-k3-07', 7, 'CM', 'available');
INSERT OR IGNORE INTO players (id, name, nationality, primary_team_id, club, position, role_tags_json, age)
VALUES ('p-w26-k3-08', 'Alex Tanaka', 'UZ', 'team-w26-k3', NULL, 'MF', '[]', 26);
INSERT OR IGNORE INTO squad_players (squad_id, player_id, shirt_number, listed_position, status)
VALUES ('sq-w26-k3', 'p-w26-k3-08', 8, 'CM', 'available');
INSERT OR IGNORE INTO players (id, name, nationality, primary_team_id, club, position, role_tags_json, age)
VALUES ('p-w26-k3-10', 'Sam Rossi', 'UZ', 'team-w26-k3', NULL, 'MF', '[]', 33);
INSERT OR IGNORE INTO squad_players (squad_id, player_id, shirt_number, listed_position, status)
VALUES ('sq-w26-k3', 'p-w26-k3-10', 10, 'AM', 'available');
INSERT OR IGNORE INTO players (id, name, nationality, primary_team_id, club, position, role_tags_json, age)
VALUES ('p-w26-k3-11', 'Alex Benali', 'UZ', 'team-w26-k3', NULL, 'FW', '[]', 22);
INSERT OR IGNORE INTO squad_players (squad_id, player_id, shirt_number, listed_position, status)
VALUES ('sq-w26-k3', 'p-w26-k3-11', 11, 'LW', 'available');
INSERT OR IGNORE INTO players (id, name, nationality, primary_team_id, club, position, role_tags_json, age)
VALUES ('p-w26-k3-14', 'Noah Costa', 'UZ', 'team-w26-k3', NULL, 'FW', '[]', 25);
INSERT OR IGNORE INTO squad_players (squad_id, player_id, shirt_number, listed_position, status)
VALUES ('sq-w26-k3', 'p-w26-k3-14', 14, 'RW', 'available');
INSERT OR IGNORE INTO players (id, name, nationality, primary_team_id, club, position, role_tags_json, age)
VALUES ('p-w26-k3-09', 'Sam Tanaka', 'UZ', 'team-w26-k3', NULL, 'FW', '[]', 25);
INSERT OR IGNORE INTO squad_players (squad_id, player_id, shirt_number, listed_position, status)
VALUES ('sq-w26-k3', 'p-w26-k3-09', 9, 'ST', 'available');
INSERT OR IGNORE INTO players (id, name, nationality, primary_team_id, club, position, role_tags_json, age)
VALUES ('p-w26-k3-12', 'Marco Horváth', 'UZ', 'team-w26-k3', NULL, 'GK', '[]', 23);
INSERT OR IGNORE INTO squad_players (squad_id, player_id, shirt_number, listed_position, status)
VALUES ('sq-w26-k3', 'p-w26-k3-12', 12, 'GK', 'available');
INSERT OR IGNORE INTO players (id, name, nationality, primary_team_id, club, position, role_tags_json, age)
VALUES ('p-w26-k3-13', 'Lucas Santos', 'UZ', 'team-w26-k3', NULL, 'DF', '[]', 24);
INSERT OR IGNORE INTO squad_players (squad_id, player_id, shirt_number, listed_position, status)
VALUES ('sq-w26-k3', 'p-w26-k3-13', 13, 'CB', 'available');
INSERT OR IGNORE INTO players (id, name, nationality, primary_team_id, club, position, role_tags_json, age)
VALUES ('p-w26-k3-15', 'Omar Brown', 'UZ', 'team-w26-k3', NULL, 'MF', '[]', 26);
INSERT OR IGNORE INTO squad_players (squad_id, player_id, shirt_number, listed_position, status)
VALUES ('sq-w26-k3', 'p-w26-k3-15', 15, 'CM', 'available');
INSERT OR IGNORE INTO players (id, name, nationality, primary_team_id, club, position, role_tags_json, age)
VALUES ('p-w26-k3-16', 'Yuki Kim', 'UZ', 'team-w26-k3', NULL, 'FW', '[]', 27);
INSERT OR IGNORE INTO squad_players (squad_id, player_id, shirt_number, listed_position, status)
VALUES ('sq-w26-k3', 'p-w26-k3-16', 16, 'ST', 'available');

INSERT OR IGNORE INTO squads (id, tournament_id, team_id, source_id, is_official, confidence, announced_at)
VALUES ('sq-w26-k4', 't-2026', 'team-w26-k4', 'src-mock', 1, 0.82, '2026-05-15T12:00:00Z');

INSERT OR IGNORE INTO players (id, name, nationality, primary_team_id, club, position, role_tags_json, age)
VALUES ('p-w26-k4-01', 'Diego Ali', 'CO', 'team-w26-k4', NULL, 'GK', '[]', 32);
INSERT OR IGNORE INTO squad_players (squad_id, player_id, shirt_number, listed_position, status)
VALUES ('sq-w26-k4', 'p-w26-k4-01', 1, 'GK', 'available');
INSERT OR IGNORE INTO players (id, name, nationality, primary_team_id, club, position, role_tags_json, age)
VALUES ('p-w26-k4-02', 'Yuki Ali', 'CO', 'team-w26-k4', NULL, 'DF', '[]', 31);
INSERT OR IGNORE INTO squad_players (squad_id, player_id, shirt_number, listed_position, status)
VALUES ('sq-w26-k4', 'p-w26-k4-02', 2, 'RB', 'available');
INSERT OR IGNORE INTO players (id, name, nationality, primary_team_id, club, position, role_tags_json, age)
VALUES ('p-w26-k4-03', 'Omar Ali', 'CO', 'team-w26-k4', NULL, 'DF', '[]', 30);
INSERT OR IGNORE INTO squad_players (squad_id, player_id, shirt_number, listed_position, status)
VALUES ('sq-w26-k4', 'p-w26-k4-03', 3, 'CB', 'available');
INSERT OR IGNORE INTO players (id, name, nationality, primary_team_id, club, position, role_tags_json, age)
VALUES ('p-w26-k4-04', 'Noah Ali', 'CO', 'team-w26-k4', NULL, 'DF', '[]', 29);
INSERT OR IGNORE INTO squad_players (squad_id, player_id, shirt_number, listed_position, status)
VALUES ('sq-w26-k4', 'p-w26-k4-04', 4, 'CB', 'available');
INSERT OR IGNORE INTO players (id, name, nationality, primary_team_id, club, position, role_tags_json, age)
VALUES ('p-w26-k4-05', 'Lucas Ali', 'CO', 'team-w26-k4', NULL, 'DF', '[]', 28);
INSERT OR IGNORE INTO squad_players (squad_id, player_id, shirt_number, listed_position, status)
VALUES ('sq-w26-k4', 'p-w26-k4-05', 5, 'LB', 'available');
INSERT OR IGNORE INTO players (id, name, nationality, primary_team_id, club, position, role_tags_json, age)
VALUES ('p-w26-k4-06', 'Marco Ali', 'CO', 'team-w26-k4', NULL, 'MF', '[]', 27);
INSERT OR IGNORE INTO squad_players (squad_id, player_id, shirt_number, listed_position, status)
VALUES ('sq-w26-k4', 'p-w26-k4-06', 6, 'DM', 'available');
INSERT OR IGNORE INTO players (id, name, nationality, primary_team_id, club, position, role_tags_json, age)
VALUES ('p-w26-k4-07', 'Alex Ali', 'CO', 'team-w26-k4', NULL, 'MF', '[]', 26);
INSERT OR IGNORE INTO squad_players (squad_id, player_id, shirt_number, listed_position, status)
VALUES ('sq-w26-k4', 'p-w26-k4-07', 7, 'CM', 'available');
INSERT OR IGNORE INTO players (id, name, nationality, primary_team_id, club, position, role_tags_json, age)
VALUES ('p-w26-k4-08', 'Sam Ali', 'CO', 'team-w26-k4', NULL, 'MF', '[]', 25);
INSERT OR IGNORE INTO squad_players (squad_id, player_id, shirt_number, listed_position, status)
VALUES ('sq-w26-k4', 'p-w26-k4-08', 8, 'CM', 'available');
INSERT OR IGNORE INTO players (id, name, nationality, primary_team_id, club, position, role_tags_json, age)
VALUES ('p-w26-k4-10', 'Sven Silva', 'CO', 'team-w26-k4', NULL, 'MF', '[]', 28);
INSERT OR IGNORE INTO squad_players (squad_id, player_id, shirt_number, listed_position, status)
VALUES ('sq-w26-k4', 'p-w26-k4-10', 10, 'AM', 'available');
INSERT OR IGNORE INTO players (id, name, nationality, primary_team_id, club, position, role_tags_json, age)
VALUES ('p-w26-k4-11', 'Hassan Novák', 'CO', 'team-w26-k4', NULL, 'FW', '[]', 29);
INSERT OR IGNORE INTO squad_players (squad_id, player_id, shirt_number, listed_position, status)
VALUES ('sq-w26-k4', 'p-w26-k4-11', 11, 'LW', 'available');
INSERT OR IGNORE INTO players (id, name, nationality, primary_team_id, club, position, role_tags_json, age)
VALUES ('p-w26-k4-14', 'Erik Tanaka', 'CO', 'team-w26-k4', NULL, 'FW', '[]', 32);
INSERT OR IGNORE INTO squad_players (squad_id, player_id, shirt_number, listed_position, status)
VALUES ('sq-w26-k4', 'p-w26-k4-14', 14, 'RW', 'available');
INSERT OR IGNORE INTO players (id, name, nationality, primary_team_id, club, position, role_tags_json, age)
VALUES ('p-w26-k4-09', 'Tom Ali', 'CO', 'team-w26-k4', NULL, 'FW', '[]', 24);
INSERT OR IGNORE INTO squad_players (squad_id, player_id, shirt_number, listed_position, status)
VALUES ('sq-w26-k4', 'p-w26-k4-09', 9, 'ST', 'available');
INSERT OR IGNORE INTO players (id, name, nationality, primary_team_id, club, position, role_tags_json, age)
VALUES ('p-w26-k4-12', 'Pierre Müller', 'CO', 'team-w26-k4', NULL, 'GK', '[]', 30);
INSERT OR IGNORE INTO squad_players (squad_id, player_id, shirt_number, listed_position, status)
VALUES ('sq-w26-k4', 'p-w26-k4-12', 12, 'GK', 'available');
INSERT OR IGNORE INTO players (id, name, nationality, primary_team_id, club, position, role_tags_json, age)
VALUES ('p-w26-k4-13', 'Jan Petrov', 'CO', 'team-w26-k4', NULL, 'DF', '[]', 31);
INSERT OR IGNORE INTO squad_players (squad_id, player_id, shirt_number, listed_position, status)
VALUES ('sq-w26-k4', 'p-w26-k4-13', 13, 'CB', 'available');
INSERT OR IGNORE INTO players (id, name, nationality, primary_team_id, club, position, role_tags_json, age)
VALUES ('p-w26-k4-15', 'Carlos Johansson', 'CO', 'team-w26-k4', NULL, 'MF', '[]', 33);
INSERT OR IGNORE INTO squad_players (squad_id, player_id, shirt_number, listed_position, status)
VALUES ('sq-w26-k4', 'p-w26-k4-15', 15, 'CM', 'available');
INSERT OR IGNORE INTO players (id, name, nationality, primary_team_id, club, position, role_tags_json, age)
VALUES ('p-w26-k4-16', 'André Dupont', 'CO', 'team-w26-k4', NULL, 'FW', '[]', 22);
INSERT OR IGNORE INTO squad_players (squad_id, player_id, shirt_number, listed_position, status)
VALUES ('sq-w26-k4', 'p-w26-k4-16', 16, 'ST', 'available');

INSERT OR IGNORE INTO squads (id, tournament_id, team_id, source_id, is_official, confidence, announced_at)
VALUES ('sq-w26-l1', 't-2026', 'team-w26-l1', 'src-mock', 1, 0.82, '2026-05-15T12:00:00Z');

INSERT OR IGNORE INTO players (id, name, nationality, primary_team_id, club, position, role_tags_json, age)
VALUES ('p-w26-l1-01', 'Tom Brown', 'GH', 'team-w26-l1', NULL, 'GK', '[]', 28);
INSERT OR IGNORE INTO squad_players (squad_id, player_id, shirt_number, listed_position, status)
VALUES ('sq-w26-l1', 'p-w26-l1-01', 1, 'GK', 'available');
INSERT OR IGNORE INTO players (id, name, nationality, primary_team_id, club, position, role_tags_json, age)
VALUES ('p-w26-l1-02', 'Luis Brown', 'GH', 'team-w26-l1', NULL, 'DF', '[]', 27);
INSERT OR IGNORE INTO squad_players (squad_id, player_id, shirt_number, listed_position, status)
VALUES ('sq-w26-l1', 'p-w26-l1-02', 2, 'RB', 'available');
INSERT OR IGNORE INTO players (id, name, nationality, primary_team_id, club, position, role_tags_json, age)
VALUES ('p-w26-l1-03', 'André Brown', 'GH', 'team-w26-l1', NULL, 'DF', '[]', 26);
INSERT OR IGNORE INTO squad_players (squad_id, player_id, shirt_number, listed_position, status)
VALUES ('sq-w26-l1', 'p-w26-l1-03', 3, 'CB', 'available');
INSERT OR IGNORE INTO players (id, name, nationality, primary_team_id, club, position, role_tags_json, age)
VALUES ('p-w26-l1-04', 'Carlos Brown', 'GH', 'team-w26-l1', NULL, 'DF', '[]', 25);
INSERT OR IGNORE INTO squad_players (squad_id, player_id, shirt_number, listed_position, status)
VALUES ('sq-w26-l1', 'p-w26-l1-04', 4, 'CB', 'available');
INSERT OR IGNORE INTO players (id, name, nationality, primary_team_id, club, position, role_tags_json, age)
VALUES ('p-w26-l1-05', 'Erik Brown', 'GH', 'team-w26-l1', NULL, 'DF', '[]', 24);
INSERT OR IGNORE INTO squad_players (squad_id, player_id, shirt_number, listed_position, status)
VALUES ('sq-w26-l1', 'p-w26-l1-05', 5, 'LB', 'available');
INSERT OR IGNORE INTO players (id, name, nationality, primary_team_id, club, position, role_tags_json, age)
VALUES ('p-w26-l1-06', 'Jan Brown', 'GH', 'team-w26-l1', NULL, 'MF', '[]', 23);
INSERT OR IGNORE INTO squad_players (squad_id, player_id, shirt_number, listed_position, status)
VALUES ('sq-w26-l1', 'p-w26-l1-06', 6, 'DM', 'available');
INSERT OR IGNORE INTO players (id, name, nationality, primary_team_id, club, position, role_tags_json, age)
VALUES ('p-w26-l1-07', 'Pierre Brown', 'GH', 'team-w26-l1', NULL, 'MF', '[]', 22);
INSERT OR IGNORE INTO squad_players (squad_id, player_id, shirt_number, listed_position, status)
VALUES ('sq-w26-l1', 'p-w26-l1-07', 7, 'CM', 'available');
INSERT OR IGNORE INTO players (id, name, nationality, primary_team_id, club, position, role_tags_json, age)
VALUES ('p-w26-l1-08', 'Hassan Brown', 'GH', 'team-w26-l1', NULL, 'MF', '[]', 33);
INSERT OR IGNORE INTO squad_players (squad_id, player_id, shirt_number, listed_position, status)
VALUES ('sq-w26-l1', 'p-w26-l1-08', 8, 'CM', 'available');
INSERT OR IGNORE INTO players (id, name, nationality, primary_team_id, club, position, role_tags_json, age)
VALUES ('p-w26-l1-10', 'Tom Tanaka', 'GH', 'team-w26-l1', NULL, 'MF', '[]', 32);
INSERT OR IGNORE INTO squad_players (squad_id, player_id, shirt_number, listed_position, status)
VALUES ('sq-w26-l1', 'p-w26-l1-10', 10, 'AM', 'available');
INSERT OR IGNORE INTO players (id, name, nationality, primary_team_id, club, position, role_tags_json, age)
VALUES ('p-w26-l1-11', 'Sam Johansson', 'GH', 'team-w26-l1', NULL, 'FW', '[]', 33);
INSERT OR IGNORE INTO squad_players (squad_id, player_id, shirt_number, listed_position, status)
VALUES ('sq-w26-l1', 'p-w26-l1-11', 11, 'LW', 'available');
INSERT OR IGNORE INTO players (id, name, nationality, primary_team_id, club, position, role_tags_json, age)
VALUES ('p-w26-l1-14', 'Lucas Weber', 'GH', 'team-w26-l1', NULL, 'FW', '[]', 24);
INSERT OR IGNORE INTO squad_players (squad_id, player_id, shirt_number, listed_position, status)
VALUES ('sq-w26-l1', 'p-w26-l1-14', 14, 'RW', 'available');
INSERT OR IGNORE INTO players (id, name, nationality, primary_team_id, club, position, role_tags_json, age)
VALUES ('p-w26-l1-09', 'Sven Brown', 'GH', 'team-w26-l1', NULL, 'FW', '[]', 32);
INSERT OR IGNORE INTO squad_players (squad_id, player_id, shirt_number, listed_position, status)
VALUES ('sq-w26-l1', 'p-w26-l1-09', 9, 'ST', 'available');
INSERT OR IGNORE INTO players (id, name, nationality, primary_team_id, club, position, role_tags_json, age)
VALUES ('p-w26-l1-12', 'Alex Dupont', 'GH', 'team-w26-l1', NULL, 'GK', '[]', 22);
INSERT OR IGNORE INTO squad_players (squad_id, player_id, shirt_number, listed_position, status)
VALUES ('sq-w26-l1', 'p-w26-l1-12', 12, 'GK', 'available');
INSERT OR IGNORE INTO players (id, name, nationality, primary_team_id, club, position, role_tags_json, age)
VALUES ('p-w26-l1-13', 'Marco Nielsen', 'GH', 'team-w26-l1', NULL, 'DF', '[]', 23);
INSERT OR IGNORE INTO squad_players (squad_id, player_id, shirt_number, listed_position, status)
VALUES ('sq-w26-l1', 'p-w26-l1-13', 13, 'CB', 'available');
INSERT OR IGNORE INTO players (id, name, nationality, primary_team_id, club, position, role_tags_json, age)
VALUES ('p-w26-l1-15', 'Noah Lee', 'GH', 'team-w26-l1', NULL, 'MF', '[]', 25);
INSERT OR IGNORE INTO squad_players (squad_id, player_id, shirt_number, listed_position, status)
VALUES ('sq-w26-l1', 'p-w26-l1-15', 15, 'CM', 'available');
INSERT OR IGNORE INTO players (id, name, nationality, primary_team_id, club, position, role_tags_json, age)
VALUES ('p-w26-l1-16', 'Omar Silva', 'GH', 'team-w26-l1', NULL, 'FW', '[]', 26);
INSERT OR IGNORE INTO squad_players (squad_id, player_id, shirt_number, listed_position, status)
VALUES ('sq-w26-l1', 'p-w26-l1-16', 16, 'ST', 'available');

INSERT OR IGNORE INTO squads (id, tournament_id, team_id, source_id, is_official, confidence, announced_at)
VALUES ('sq-w26-l2', 't-2026', 'team-w26-l2', 'src-mock', 1, 0.82, '2026-05-15T12:00:00Z');

INSERT OR IGNORE INTO players (id, name, nationality, primary_team_id, club, position, role_tags_json, age)
VALUES ('p-w26-l2-01', 'Luis Lee', 'PA', 'team-w26-l2', NULL, 'GK', '[]', 27);
INSERT OR IGNORE INTO squad_players (squad_id, player_id, shirt_number, listed_position, status)
VALUES ('sq-w26-l2', 'p-w26-l2-01', 1, 'GK', 'available');
INSERT OR IGNORE INTO players (id, name, nationality, primary_team_id, club, position, role_tags_json, age)
VALUES ('p-w26-l2-02', 'André Lee', 'PA', 'team-w26-l2', NULL, 'DF', '[]', 26);
INSERT OR IGNORE INTO squad_players (squad_id, player_id, shirt_number, listed_position, status)
VALUES ('sq-w26-l2', 'p-w26-l2-02', 2, 'RB', 'available');
INSERT OR IGNORE INTO players (id, name, nationality, primary_team_id, club, position, role_tags_json, age)
VALUES ('p-w26-l2-03', 'Carlos Lee', 'PA', 'team-w26-l2', NULL, 'DF', '[]', 25);
INSERT OR IGNORE INTO squad_players (squad_id, player_id, shirt_number, listed_position, status)
VALUES ('sq-w26-l2', 'p-w26-l2-03', 3, 'CB', 'available');
INSERT OR IGNORE INTO players (id, name, nationality, primary_team_id, club, position, role_tags_json, age)
VALUES ('p-w26-l2-04', 'Erik Lee', 'PA', 'team-w26-l2', NULL, 'DF', '[]', 24);
INSERT OR IGNORE INTO squad_players (squad_id, player_id, shirt_number, listed_position, status)
VALUES ('sq-w26-l2', 'p-w26-l2-04', 4, 'CB', 'available');
INSERT OR IGNORE INTO players (id, name, nationality, primary_team_id, club, position, role_tags_json, age)
VALUES ('p-w26-l2-05', 'Jan Lee', 'PA', 'team-w26-l2', NULL, 'DF', '[]', 23);
INSERT OR IGNORE INTO squad_players (squad_id, player_id, shirt_number, listed_position, status)
VALUES ('sq-w26-l2', 'p-w26-l2-05', 5, 'LB', 'available');
INSERT OR IGNORE INTO players (id, name, nationality, primary_team_id, club, position, role_tags_json, age)
VALUES ('p-w26-l2-06', 'Pierre Lee', 'PA', 'team-w26-l2', NULL, 'MF', '[]', 22);
INSERT OR IGNORE INTO squad_players (squad_id, player_id, shirt_number, listed_position, status)
VALUES ('sq-w26-l2', 'p-w26-l2-06', 6, 'DM', 'available');
INSERT OR IGNORE INTO players (id, name, nationality, primary_team_id, club, position, role_tags_json, age)
VALUES ('p-w26-l2-07', 'Hassan Lee', 'PA', 'team-w26-l2', NULL, 'MF', '[]', 33);
INSERT OR IGNORE INTO squad_players (squad_id, player_id, shirt_number, listed_position, status)
VALUES ('sq-w26-l2', 'p-w26-l2-07', 7, 'CM', 'available');
INSERT OR IGNORE INTO players (id, name, nationality, primary_team_id, club, position, role_tags_json, age)
VALUES ('p-w26-l2-08', 'Sven Lee', 'PA', 'team-w26-l2', NULL, 'MF', '[]', 32);
INSERT OR IGNORE INTO squad_players (squad_id, player_id, shirt_number, listed_position, status)
VALUES ('sq-w26-l2', 'p-w26-l2-08', 8, 'CM', 'available');
INSERT OR IGNORE INTO players (id, name, nationality, primary_team_id, club, position, role_tags_json, age)
VALUES ('p-w26-l2-10', 'Mateo Brown', 'PA', 'team-w26-l2', NULL, 'MF', '[]', 27);
INSERT OR IGNORE INTO squad_players (squad_id, player_id, shirt_number, listed_position, status)
VALUES ('sq-w26-l2', 'p-w26-l2-10', 10, 'AM', 'available');
INSERT OR IGNORE INTO players (id, name, nationality, primary_team_id, club, position, role_tags_json, age)
VALUES ('p-w26-l2-11', 'Sven Kim', 'PA', 'team-w26-l2', NULL, 'FW', '[]', 28);
INSERT OR IGNORE INTO squad_players (squad_id, player_id, shirt_number, listed_position, status)
VALUES ('sq-w26-l2', 'p-w26-l2-11', 11, 'LW', 'available');
INSERT OR IGNORE INTO players (id, name, nationality, primary_team_id, club, position, role_tags_json, age)
VALUES ('p-w26-l2-14', 'Jan Ali', 'PA', 'team-w26-l2', NULL, 'FW', '[]', 31);
INSERT OR IGNORE INTO squad_players (squad_id, player_id, shirt_number, listed_position, status)
VALUES ('sq-w26-l2', 'p-w26-l2-14', 14, 'RW', 'available');
INSERT OR IGNORE INTO players (id, name, nationality, primary_team_id, club, position, role_tags_json, age)
VALUES ('p-w26-l2-09', 'Mateo Lee', 'PA', 'team-w26-l2', NULL, 'FW', '[]', 31);
INSERT OR IGNORE INTO squad_players (squad_id, player_id, shirt_number, listed_position, status)
VALUES ('sq-w26-l2', 'p-w26-l2-09', 9, 'ST', 'available');
INSERT OR IGNORE INTO players (id, name, nationality, primary_team_id, club, position, role_tags_json, age)
VALUES ('p-w26-l2-12', 'Hassan García', 'PA', 'team-w26-l2', NULL, 'GK', '[]', 29);
INSERT OR IGNORE INTO squad_players (squad_id, player_id, shirt_number, listed_position, status)
VALUES ('sq-w26-l2', 'p-w26-l2-12', 12, 'GK', 'available');
INSERT OR IGNORE INTO players (id, name, nationality, primary_team_id, club, position, role_tags_json, age)
VALUES ('p-w26-l2-13', 'Pierre Okonkwo', 'PA', 'team-w26-l2', NULL, 'DF', '[]', 30);
INSERT OR IGNORE INTO squad_players (squad_id, player_id, shirt_number, listed_position, status)
VALUES ('sq-w26-l2', 'p-w26-l2-13', 13, 'CB', 'available');
INSERT OR IGNORE INTO players (id, name, nationality, primary_team_id, club, position, role_tags_json, age)
VALUES ('p-w26-l2-15', 'Erik Rossi', 'PA', 'team-w26-l2', NULL, 'MF', '[]', 32);
INSERT OR IGNORE INTO squad_players (squad_id, player_id, shirt_number, listed_position, status)
VALUES ('sq-w26-l2', 'p-w26-l2-15', 15, 'CM', 'available');
INSERT OR IGNORE INTO players (id, name, nationality, primary_team_id, club, position, role_tags_json, age)
VALUES ('p-w26-l2-16', 'Carlos Benali', 'PA', 'team-w26-l2', NULL, 'FW', '[]', 33);
INSERT OR IGNORE INTO squad_players (squad_id, player_id, shirt_number, listed_position, status)
VALUES ('sq-w26-l2', 'p-w26-l2-16', 16, 'ST', 'available');

INSERT OR IGNORE INTO squads (id, tournament_id, team_id, source_id, is_official, confidence, announced_at)
VALUES ('sq-w26-l3', 't-2026', 'team-w26-l3', 'src-mock', 1, 0.82, '2026-05-15T12:00:00Z');

INSERT OR IGNORE INTO players (id, name, nationality, primary_team_id, club, position, role_tags_json, age)
VALUES ('p-w26-l3-01', 'André Costa', 'GB', 'team-w26-l3', NULL, 'GK', '[]', 26);
INSERT OR IGNORE INTO squad_players (squad_id, player_id, shirt_number, listed_position, status)
VALUES ('sq-w26-l3', 'p-w26-l3-01', 1, 'GK', 'available');
INSERT OR IGNORE INTO players (id, name, nationality, primary_team_id, club, position, role_tags_json, age)
VALUES ('p-w26-l3-02', 'Carlos Costa', 'GB', 'team-w26-l3', NULL, 'DF', '[]', 25);
INSERT OR IGNORE INTO squad_players (squad_id, player_id, shirt_number, listed_position, status)
VALUES ('sq-w26-l3', 'p-w26-l3-02', 2, 'RB', 'available');
INSERT OR IGNORE INTO players (id, name, nationality, primary_team_id, club, position, role_tags_json, age)
VALUES ('p-w26-l3-03', 'Erik Costa', 'GB', 'team-w26-l3', NULL, 'DF', '[]', 24);
INSERT OR IGNORE INTO squad_players (squad_id, player_id, shirt_number, listed_position, status)
VALUES ('sq-w26-l3', 'p-w26-l3-03', 3, 'CB', 'available');
INSERT OR IGNORE INTO players (id, name, nationality, primary_team_id, club, position, role_tags_json, age)
VALUES ('p-w26-l3-04', 'Jan Costa', 'GB', 'team-w26-l3', NULL, 'DF', '[]', 23);
INSERT OR IGNORE INTO squad_players (squad_id, player_id, shirt_number, listed_position, status)
VALUES ('sq-w26-l3', 'p-w26-l3-04', 4, 'CB', 'available');
INSERT OR IGNORE INTO players (id, name, nationality, primary_team_id, club, position, role_tags_json, age)
VALUES ('p-w26-l3-05', 'Pierre Costa', 'GB', 'team-w26-l3', NULL, 'DF', '[]', 22);
INSERT OR IGNORE INTO squad_players (squad_id, player_id, shirt_number, listed_position, status)
VALUES ('sq-w26-l3', 'p-w26-l3-05', 5, 'LB', 'available');
INSERT OR IGNORE INTO players (id, name, nationality, primary_team_id, club, position, role_tags_json, age)
VALUES ('p-w26-l3-06', 'Hassan Costa', 'GB', 'team-w26-l3', NULL, 'MF', '[]', 33);
INSERT OR IGNORE INTO squad_players (squad_id, player_id, shirt_number, listed_position, status)
VALUES ('sq-w26-l3', 'p-w26-l3-06', 6, 'DM', 'available');
INSERT OR IGNORE INTO players (id, name, nationality, primary_team_id, club, position, role_tags_json, age)
VALUES ('p-w26-l3-07', 'Sven Costa', 'GB', 'team-w26-l3', NULL, 'MF', '[]', 32);
INSERT OR IGNORE INTO squad_players (squad_id, player_id, shirt_number, listed_position, status)
VALUES ('sq-w26-l3', 'p-w26-l3-07', 7, 'CM', 'available');
INSERT OR IGNORE INTO players (id, name, nationality, primary_team_id, club, position, role_tags_json, age)
VALUES ('p-w26-l3-08', 'Mateo Costa', 'GB', 'team-w26-l3', NULL, 'MF', '[]', 31);
INSERT OR IGNORE INTO squad_players (squad_id, player_id, shirt_number, listed_position, status)
VALUES ('sq-w26-l3', 'p-w26-l3-08', 8, 'CM', 'available');
INSERT OR IGNORE INTO players (id, name, nationality, primary_team_id, club, position, role_tags_json, age)
VALUES ('p-w26-l3-10', 'Alex Johansson', 'GB', 'team-w26-l3', NULL, 'MF', '[]', 22);
INSERT OR IGNORE INTO squad_players (squad_id, player_id, shirt_number, listed_position, status)
VALUES ('sq-w26-l3', 'p-w26-l3-10', 10, 'AM', 'available');
INSERT OR IGNORE INTO players (id, name, nationality, primary_team_id, club, position, role_tags_json, age)
VALUES ('p-w26-l3-11', 'Marco Dupont', 'GB', 'team-w26-l3', NULL, 'FW', '[]', 23);
INSERT OR IGNORE INTO squad_players (squad_id, player_id, shirt_number, listed_position, status)
VALUES ('sq-w26-l3', 'p-w26-l3-11', 11, 'LW', 'available');
INSERT OR IGNORE INTO players (id, name, nationality, primary_team_id, club, position, role_tags_json, age)
VALUES ('p-w26-l3-14', 'Omar Lee', 'GB', 'team-w26-l3', NULL, 'FW', '[]', 26);
INSERT OR IGNORE INTO squad_players (squad_id, player_id, shirt_number, listed_position, status)
VALUES ('sq-w26-l3', 'p-w26-l3-14', 14, 'RW', 'available');
INSERT OR IGNORE INTO players (id, name, nationality, primary_team_id, club, position, role_tags_json, age)
VALUES ('p-w26-l3-09', 'Kenji Costa', 'GB', 'team-w26-l3', NULL, 'FW', '[]', 30);
INSERT OR IGNORE INTO squad_players (squad_id, player_id, shirt_number, listed_position, status)
VALUES ('sq-w26-l3', 'p-w26-l3-09', 9, 'ST', 'available');
INSERT OR IGNORE INTO players (id, name, nationality, primary_team_id, club, position, role_tags_json, age)
VALUES ('p-w26-l3-12', 'Lucas Nielsen', 'GB', 'team-w26-l3', NULL, 'GK', '[]', 24);
INSERT OR IGNORE INTO squad_players (squad_id, player_id, shirt_number, listed_position, status)
VALUES ('sq-w26-l3', 'p-w26-l3-12', 12, 'GK', 'available');
INSERT OR IGNORE INTO players (id, name, nationality, primary_team_id, club, position, role_tags_json, age)
VALUES ('p-w26-l3-13', 'Noah Weber', 'GB', 'team-w26-l3', NULL, 'DF', '[]', 25);
INSERT OR IGNORE INTO squad_players (squad_id, player_id, shirt_number, listed_position, status)
VALUES ('sq-w26-l3', 'p-w26-l3-13', 13, 'CB', 'available');
INSERT OR IGNORE INTO players (id, name, nationality, primary_team_id, club, position, role_tags_json, age)
VALUES ('p-w26-l3-15', 'Yuki Silva', 'GB', 'team-w26-l3', NULL, 'MF', '[]', 27);
INSERT OR IGNORE INTO squad_players (squad_id, player_id, shirt_number, listed_position, status)
VALUES ('sq-w26-l3', 'p-w26-l3-15', 15, 'CM', 'available');
INSERT OR IGNORE INTO players (id, name, nationality, primary_team_id, club, position, role_tags_json, age)
VALUES ('p-w26-l3-16', 'Diego Novák', 'GB', 'team-w26-l3', NULL, 'FW', '[]', 28);
INSERT OR IGNORE INTO squad_players (squad_id, player_id, shirt_number, listed_position, status)
VALUES ('sq-w26-l3', 'p-w26-l3-16', 16, 'ST', 'available');

INSERT OR IGNORE INTO squads (id, tournament_id, team_id, source_id, is_official, confidence, announced_at)
VALUES ('sq-w26-l4', 't-2026', 'team-w26-l4', 'src-mock', 1, 0.82, '2026-05-15T12:00:00Z');

INSERT OR IGNORE INTO players (id, name, nationality, primary_team_id, club, position, role_tags_json, age)
VALUES ('p-w26-l4-01', 'Carlos Weber', 'HR', 'team-w26-l4', NULL, 'GK', '[]', 25);
INSERT OR IGNORE INTO squad_players (squad_id, player_id, shirt_number, listed_position, status)
VALUES ('sq-w26-l4', 'p-w26-l4-01', 1, 'GK', 'available');
INSERT OR IGNORE INTO players (id, name, nationality, primary_team_id, club, position, role_tags_json, age)
VALUES ('p-w26-l4-02', 'Erik Weber', 'HR', 'team-w26-l4', NULL, 'DF', '[]', 24);
INSERT OR IGNORE INTO squad_players (squad_id, player_id, shirt_number, listed_position, status)
VALUES ('sq-w26-l4', 'p-w26-l4-02', 2, 'RB', 'available');
INSERT OR IGNORE INTO players (id, name, nationality, primary_team_id, club, position, role_tags_json, age)
VALUES ('p-w26-l4-03', 'Jan Weber', 'HR', 'team-w26-l4', NULL, 'DF', '[]', 23);
INSERT OR IGNORE INTO squad_players (squad_id, player_id, shirt_number, listed_position, status)
VALUES ('sq-w26-l4', 'p-w26-l4-03', 3, 'CB', 'available');
INSERT OR IGNORE INTO players (id, name, nationality, primary_team_id, club, position, role_tags_json, age)
VALUES ('p-w26-l4-04', 'Pierre Weber', 'HR', 'team-w26-l4', NULL, 'DF', '[]', 22);
INSERT OR IGNORE INTO squad_players (squad_id, player_id, shirt_number, listed_position, status)
VALUES ('sq-w26-l4', 'p-w26-l4-04', 4, 'CB', 'available');
INSERT OR IGNORE INTO players (id, name, nationality, primary_team_id, club, position, role_tags_json, age)
VALUES ('p-w26-l4-05', 'Hassan Weber', 'HR', 'team-w26-l4', NULL, 'DF', '[]', 33);
INSERT OR IGNORE INTO squad_players (squad_id, player_id, shirt_number, listed_position, status)
VALUES ('sq-w26-l4', 'p-w26-l4-05', 5, 'LB', 'available');
INSERT OR IGNORE INTO players (id, name, nationality, primary_team_id, club, position, role_tags_json, age)
VALUES ('p-w26-l4-06', 'Sven Weber', 'HR', 'team-w26-l4', NULL, 'MF', '[]', 32);
INSERT OR IGNORE INTO squad_players (squad_id, player_id, shirt_number, listed_position, status)
VALUES ('sq-w26-l4', 'p-w26-l4-06', 6, 'DM', 'available');
INSERT OR IGNORE INTO players (id, name, nationality, primary_team_id, club, position, role_tags_json, age)
VALUES ('p-w26-l4-07', 'Mateo Weber', 'HR', 'team-w26-l4', NULL, 'MF', '[]', 31);
INSERT OR IGNORE INTO squad_players (squad_id, player_id, shirt_number, listed_position, status)
VALUES ('sq-w26-l4', 'p-w26-l4-07', 7, 'CM', 'available');
INSERT OR IGNORE INTO players (id, name, nationality, primary_team_id, club, position, role_tags_json, age)
VALUES ('p-w26-l4-08', 'Kenji Weber', 'HR', 'team-w26-l4', NULL, 'MF', '[]', 30);
INSERT OR IGNORE INTO squad_players (squad_id, player_id, shirt_number, listed_position, status)
VALUES ('sq-w26-l4', 'p-w26-l4-08', 8, 'CM', 'available');
INSERT OR IGNORE INTO players (id, name, nationality, primary_team_id, club, position, role_tags_json, age)
VALUES ('p-w26-l4-10', 'Hassan Kim', 'HR', 'team-w26-l4', NULL, 'MF', '[]', 29);
INSERT OR IGNORE INTO squad_players (squad_id, player_id, shirt_number, listed_position, status)
VALUES ('sq-w26-l4', 'p-w26-l4-10', 10, 'AM', 'available');
INSERT OR IGNORE INTO players (id, name, nationality, primary_team_id, club, position, role_tags_json, age)
VALUES ('p-w26-l4-11', 'Pierre García', 'HR', 'team-w26-l4', NULL, 'FW', '[]', 30);
INSERT OR IGNORE INTO squad_players (squad_id, player_id, shirt_number, listed_position, status)
VALUES ('sq-w26-l4', 'p-w26-l4-11', 11, 'LW', 'available');
INSERT OR IGNORE INTO players (id, name, nationality, primary_team_id, club, position, role_tags_json, age)
VALUES ('p-w26-l4-14', 'Carlos Rossi', 'HR', 'team-w26-l4', NULL, 'FW', '[]', 33);
INSERT OR IGNORE INTO squad_players (squad_id, player_id, shirt_number, listed_position, status)
VALUES ('sq-w26-l4', 'p-w26-l4-14', 14, 'RW', 'available');
INSERT OR IGNORE INTO players (id, name, nationality, primary_team_id, club, position, role_tags_json, age)
VALUES ('p-w26-l4-09', 'Ivan Weber', 'HR', 'team-w26-l4', NULL, 'FW', '[]', 29);
INSERT OR IGNORE INTO squad_players (squad_id, player_id, shirt_number, listed_position, status)
VALUES ('sq-w26-l4', 'p-w26-l4-09', 9, 'ST', 'available');
INSERT OR IGNORE INTO players (id, name, nationality, primary_team_id, club, position, role_tags_json, age)
VALUES ('p-w26-l4-12', 'Jan Okonkwo', 'HR', 'team-w26-l4', NULL, 'GK', '[]', 31);
INSERT OR IGNORE INTO squad_players (squad_id, player_id, shirt_number, listed_position, status)
VALUES ('sq-w26-l4', 'p-w26-l4-12', 12, 'GK', 'available');
INSERT OR IGNORE INTO players (id, name, nationality, primary_team_id, club, position, role_tags_json, age)
VALUES ('p-w26-l4-13', 'Erik Ali', 'HR', 'team-w26-l4', NULL, 'DF', '[]', 32);
INSERT OR IGNORE INTO squad_players (squad_id, player_id, shirt_number, listed_position, status)
VALUES ('sq-w26-l4', 'p-w26-l4-13', 13, 'CB', 'available');
INSERT OR IGNORE INTO players (id, name, nationality, primary_team_id, club, position, role_tags_json, age)
VALUES ('p-w26-l4-15', 'André Benali', 'HR', 'team-w26-l4', NULL, 'MF', '[]', 22);
INSERT OR IGNORE INTO squad_players (squad_id, player_id, shirt_number, listed_position, status)
VALUES ('sq-w26-l4', 'p-w26-l4-15', 15, 'CM', 'available');
INSERT OR IGNORE INTO players (id, name, nationality, primary_team_id, club, position, role_tags_json, age)
VALUES ('p-w26-l4-16', 'Luis Horváth', 'HR', 'team-w26-l4', NULL, 'FW', '[]', 23);
INSERT OR IGNORE INTO squad_players (squad_id, player_id, shirt_number, listed_position, status)
VALUES ('sq-w26-l4', 'p-w26-l4-16', 16, 'ST', 'available');
